CREATE DATABASE  IF NOT EXISTS `titulo` /*!40100 DEFAULT CHARACTER SET latin1 */;
USE `titulo`;
-- MySQL dump 10.13  Distrib 5.5.41, for debian-linux-gnu (x86_64)
--
-- Host: 127.0.0.1    Database: titulo
-- ------------------------------------------------------
-- Server version	5.5.41-0ubuntu0.14.04.1

/*!40101 SET @OLD_CHARACTER_SET_CLIENT=@@CHARACTER_SET_CLIENT */;
/*!40101 SET @OLD_CHARACTER_SET_RESULTS=@@CHARACTER_SET_RESULTS */;
/*!40101 SET @OLD_COLLATION_CONNECTION=@@COLLATION_CONNECTION */;
/*!40101 SET NAMES utf8 */;
/*!40103 SET @OLD_TIME_ZONE=@@TIME_ZONE */;
/*!40103 SET TIME_ZONE='+00:00' */;
/*!40014 SET @OLD_UNIQUE_CHECKS=@@UNIQUE_CHECKS, UNIQUE_CHECKS=0 */;
/*!40014 SET @OLD_FOREIGN_KEY_CHECKS=@@FOREIGN_KEY_CHECKS, FOREIGN_KEY_CHECKS=0 */;
/*!40101 SET @OLD_SQL_MODE=@@SQL_MODE, SQL_MODE='NO_AUTO_VALUE_ON_ZERO' */;
/*!40111 SET @OLD_SQL_NOTES=@@SQL_NOTES, SQL_NOTES=0 */;

--
-- Table structure for table `aluleg`
--

DROP TABLE IF EXISTS `aluleg`;
/*!40101 SET @saved_cs_client     = @@character_set_client */;
/*!40101 SET character_set_client = utf8 */;
CREATE TABLE `aluleg` (
  `ALe_Per_ID` decimal(11,0) NOT NULL DEFAULT '0',
  `ALe_Doc_ID` smallint(2) NOT NULL DEFAULT '0',
  `ALe_Fac_ID` smallint(2) NOT NULL DEFAULT '0',
  `ALe_Leg_ID` int(4) NOT NULL,
  `ALe_Fecha` date NOT NULL,
  `ALe_Pla_ID` smallint(2) NOT NULL,
  `ALe_Car_ID` smallint(2) NOT NULL,
  `ALe_Geo_ID` smallint(2) NOT NULL DEFAULT '1',
  `ALe_ID` int(4) NOT NULL AUTO_INCREMENT,
  PRIMARY KEY (`ALe_Per_ID`,`ALe_Doc_ID`,`ALe_Fac_ID`),
  KEY `ALe_Car_ID` (`ALe_Car_ID`),
  KEY `ALe_Pla_ID` (`ALe_Pla_ID`),
  KEY `ALe_ID` (`ALe_ID`),
  KEY `ALe_Lec_ID` (`ALe_Leg_ID`)
) ENGINE=InnoDB AUTO_INCREMENT=51508 DEFAULT CHARSET=latin1;
/*!40101 SET character_set_client = @saved_cs_client */;

--
-- Dumping data for table `aluleg`
--

LOCK TABLES `aluleg` WRITE;
/*!40000 ALTER TABLE `aluleg` DISABLE KEYS */;
INSERT INTO `aluleg` VALUES (6,1,1,1,'2009-03-01',2,5,1,51507),(20002555,1,3,20002555,'2003-03-11',3,2,1,3398),(20012135,1,4,20012135,'2003-03-18',1,4,1,3399),(20026922,1,4,0,'2011-02-11',1,4,1,3400),(20038308,1,1,1783,'1990-03-01',6,1,1,3401),(20054998,1,6,0,'2015-03-30',0,0,0,51506),(20077258,1,4,0,'2010-09-02',0,0,1,3402),(20080545,1,4,20080545,'2005-12-22',1,4,1,3403),(20111202,1,2,3285,'0000-00-00',1,1,1,3404),(20111207,1,4,0,'2010-09-09',0,0,1,3405),(20111208,1,1,1429,'1987-03-01',6,1,1,3406);
/*!40000 ALTER TABLE `aluleg` ENABLE KEYS */;
UNLOCK TABLES;

--
-- Table structure for table `carrera`
--

DROP TABLE IF EXISTS `carrera`;
/*!40101 SET @saved_cs_client     = @@character_set_client */;
/*!40101 SET character_set_client = utf8 */;
CREATE TABLE `carrera` (
  `Car_Fac_ID` smallint(2) NOT NULL DEFAULT '0',
  `Car_Pla_ID` smallint(2) NOT NULL DEFAULT '0',
  `Car_ID` smallint(2) NOT NULL DEFAULT '0',
  `Car_Nombre` varchar(60) NOT NULL DEFAULT '',
  `Car_Iniciales` varchar(3) NOT NULL,
  `Car_Titulo` varchar(60) NOT NULL,
  `Car_CheqUnica` tinyint(1) NOT NULL DEFAULT '0',
  `clave` int(4) NOT NULL AUTO_INCREMENT,
  PRIMARY KEY (`Car_Fac_ID`,`Car_Pla_ID`,`Car_ID`),
  KEY `clave` (`clave`)
) ENGINE=InnoDB AUTO_INCREMENT=104 DEFAULT CHARSET=latin1;
/*!40101 SET character_set_client = @saved_cs_client */;

--
-- Dumping data for table `carrera`
--

LOCK TABLES `carrera` WRITE;
/*!40000 ALTER TABLE `carrera` DISABLE KEYS */;
INSERT INTO `carrera` VALUES (1,0,0,'SC','SC','SC',0,1),(1,0,12,'Ingeniería en Electrónica y Electricidad','IEE','Ingeniero en Electrónica y Electricidad',0,2),(1,1,1,'Analista de Sistemas (Plan86)','AS','Analista de Sistemas',0,3),(1,1,2,'Ingeniería en Computación (Plan86)','IC','Ingeniero en Computación',0,4),(1,1,3,'Ingeniería en Electrónica y Electricidad (Plan86)','IE','Ingeniero en Electrónica y Electricidad',0,5),(1,1,4,'Licenciatura en Sistemas (Plan86)','LS','Licenciado en Sistemas',0,6),(1,1,5,'Programador Universitario (Plan86)','PU','Programador Universitario',0,7),(1,2,1,'Bioingeniería (Plan97)','BI','Bioingeniero',0,8),(1,2,2,'Ingeniería en Computación (Plan97)','IC','Ingeniero en Computación',0,9),(1,2,3,'Ingeniería en Electrónica y Electricidad (Plan97)','EE','Ingeniero en Electrónica y Electricidad',0,10),(1,2,4,'Ingeniería en Electrónica y Telecomunicaciones (Plan97)','ET','Ingeniero en Electrónica y Telecomunicaciones',0,11),(1,2,5,'Ingeniería en Informática (Plan97)','II','Ingeniero en Informática',0,12),(1,2,6,'Ingeniero Técnico en Electrónica y Electricidad (Plan97)','IT','Ingeniero Técnico en Electrónica y Electricidad',0,13),(1,2,7,'Licenciatura en Análisis de Sistemas (Plan97)','LAS','Licenciado en Análisis de Sistemas',0,14),(1,2,8,'Analista de Sistemas (Plan97)','AS','Analista de Sistemas',0,15),(1,2,10,'Técnico Universitario en Electrónica y Electricidad (Plan97)','TU','Técnico Universitario en Electrónica y Electricidad',0,16),(1,2,11,'Programador Universitario (Plan97)','PU','Programador Universitario',0,17),(1,3,1,'Bioingeniería','BI','Bioingeniero',0,18),(1,3,2,'Ingeniería en Computación (Plan2002)','IC','Ingeniero en Computación',0,19),(1,3,3,'Ingeniería en Electrónica y Electricidad (Plan2002)','EE','Ingeniero en Electrónica y Electricidad',0,20),(1,3,4,'Ingeniería en Electrónica y Telecomunicaciones (Plan2002)','ET','Ingeniero en Electrónica y Telecomunicaciones',0,21),(1,3,5,'Ingeniería en Informática (Plan2002)','II','Ingeniero en Informática',0,22),(1,3,6,'Ingeniero Técnico en Electrónica y Electricidad (Plan2002)','IT','Ingeniero Técnico en Electrónica y Electricidad',0,23),(1,3,7,'Licenciatura en Sistemas (Plan2002)','LS','Licenciado en Sistemas',0,24),(1,3,8,'Analista de Sistemas (Plan2002)','AS','Analista de Sistemas',0,25),(1,3,9,'Técnico Universitario en Electrónica y Electricidad (Plan200','TU','Técnico Universitario en Electrónica y Electricidad',0,26),(1,3,10,'Ingeniería Industrial (Plan2002)','IIn','Ingeniero Industrial',0,27),(1,3,11,'Profesorado en Tecnología (Plan2002)','PT','Profesor Universitario en Tecnología',1,28),(1,3,12,'Profesorado en Ciencias de la Computación (Plan2002)','PCC','Profesor en Ciencias de la Computación',1,29),(1,3,13,'Profesorado para Profesionales con Título de Grado (Plan2002','PPT','Profesor',0,30),(1,4,1,'Ingeniería en Electrónica (Plan2005)','IE','Ingeniero en Electrónica con Orientación Telecomunicaciones',0,31),(1,4,2,'Ingeniería en Computación (Plan2005)','IC','Ingeniero en Computación',0,32),(1,4,3,'Ingeniería en Informática (Plan2005)','II','Ingeniero en Informática',0,33),(1,4,4,'Bioingeniería (Plan2005)','BI','Bioingeniero',0,34),(1,4,5,'Ingeniería Industrial (Plan2005)','ID','Ingeniero Industrial',0,35),(1,4,6,'Licenciatura en Sistemas (Plan2005)','LS','Licenciado en Sistemas',0,36),(1,4,7,'Diplomatura en Desarrollo Local - Facilitadores','','Diplomado en Desarrollo Local',0,37),(1,4,8,'Diplomatura en Desarrollo Local - Operadores','','Diplomado en Desarrollo Local',0,38),(1,4,9,'Tecnicatura Universitaria en Electrónica','','Técnico Universitario en Electrónica',0,39),(1,4,10,'Ingeniería en Sonido','','Ingeniero en Sonido',0,40),(1,5,1,'Ingeniería en Electrónica y Electricidad (Plan 1966)','EE','Ingeniero en Electrónico y Electricidad',0,41),(1,6,1,'Ingeniería en Informática','II','Ingeniero en Informática',0,42),(1,6,2,'Ingeniería en Computación','IC','Ingeniero en Computación',0,43),(1,6,3,'Licenciatura en Sistemas','LS','Licenciado en Sistemas',0,44),(1,7,1,'Tecnicatura Universitaria en Programación de Videojuegos','TVJ','Técnico Universitario en Programación de Videojuegos',1,45),(1,7,2,'Tecnicatura Universitaria en Desarrollo de Aplicaciones Web','TAW','Técnico Universitario en Desarrollo de Aplicaciones Web',0,46),(2,0,0,'SC','SC','SC',0,47),(2,1,1,'Arquitectura','AR','Arquitecto',0,48),(2,1,2,'ARQUITECTURA 2005','A05','ARQUITECTO',0,49),(2,2,1,'Diseño de Interiores','DI','Diseñador de Interiores',0,50),(2,3,1,'Diseño de Interiores','DI','Diseñador de Interiores',0,51),(2,3,2,'Licenciatura en Diseño','LD','Licenciado en Diseño',0,52),(2,3,3,'Diseño de Muebles','DM','Diseñador de Muebles',0,53),(2,3,4,'Diseño de Vidrieras','DV','Diseñador de Vidrieras',0,54),(2,3,5,'Diseño de Iluminación','DIL','Diseñador de Iluminación',0,55),(2,3,6,'Diseño de Escenografía','DE','Diseñador de Escenografía??',0,56),(2,3,7,'Diseño de Exteriores','DEX','Diseñador de Exteriores',0,57),(2,3,8,'Diseño de Indumentaria y Textil','DIT','Diseñador de Indumentaria y Textil',0,58),(2,3,9,'Diseño de Imagen Empresarial','DIE','Diseñador de Imagen Empresarial',0,59),(2,3,10,'Diseño Gráfico','DG','Diseñador Gráfico',0,60),(2,3,11,'Diseñado de Envases y Packaging','DEP','Diseñador de Envases y Packaging??',0,61),(2,4,1,'Arquitectura','AR7','Arquitecto',0,62),(2,4,2,'Corredor Inmobiliario','CI','CORREDOR INMOBILIARIO',0,63),(2,5,1,'Licenciatura en Diseño','LD','Licenciado en Diseño',0,64),(2,5,2,'Diseño Gráfico','DG','Diseñador Gráfico',0,65),(2,5,3,'Diseño de Indumentaria y Textil','DIT','Diseñador de Indumentaria y Textil',0,66),(2,5,4,'Diseño de Interiores','DI','Diseñador de Interiores',0,67),(2,7,1,'Emprendedor Inmobiliario','EI','Emprendedor Inmobiliario',0,68),(3,0,0,'SC','SC','SC',0,69),(3,1,1,'abogacía','','abogado',0,70),(3,2,1,'Abogacía','AB','Abogado',0,71),(3,2,2,'Escribanía','ES','Escribano',0,72),(3,2,3,'Procuración','PR','Procurador',0,73),(3,3,1,'Abogacía','AB','Abogado',0,74),(3,3,2,'Escribanía','ES','Escribano',0,75),(3,3,3,'Procuración','PR','Procurador',0,76),(3,4,1,'Abogacía','AB','Abogado',0,77),(3,4,2,'Escribanía','ES','Escribano',0,78),(3,4,3,'Procuración','PR','Procurador',0,79),(3,4,4,' Escribanía','EC',' Escribano',0,80),(3,5,1,'Abogacía','AB','Abogado',0,81),(3,5,2,'Escribanía','ES','Escribano',0,82),(3,5,3,'Procuración','PR','Procurador',0,83),(4,0,0,'SC','SC','SC',0,84),(4,1,1,'Medicina','ME','Médico',0,85),(4,1,2,'Odontología','OD','Odontólogo',0,86),(4,1,3,'Licenciatura en Kinesiología','LK','Licenciado en Kinesiología',0,87),(4,1,4,'Kinesiología','KI','Kinesiólogo',0,88),(4,1,5,'Licenciatura en Psicología','LP','Licenciado/a en Psicología ',0,89),(4,1,6,'Licenciatura en Psicología.-','','Licenciado/a en Psicología con orientación en Clínica',0,90),(4,2,1,'Licenciatura en Psicología','LP','Licenciado/a en Psicología',0,91),(4,2,2,'Medicina','ME','Médico',0,92),(4,3,1,'Odontología','','Odontologo',0,93),(4,4,1,'Licenciatura en Psicología','LP','Licenciado en Psicología',0,94),(4,5,1,'Licenciatura en Nutrición','Nu','Licenciado en Nutrición',0,95),(4,6,1,'Técnico en Radiología','TR','Técnico en Radiología',0,96),(4,6,2,'Instrumentador Quirúrgico','IQ','Instrumentador Quirúrgico',0,97),(4,7,1,'Técnico Universitario en Seguridad e Higiene en el Trabajo','TU','Técnico Universitario en Seguridad e Higiene en el Trabajo',0,98),(5,0,0,'SC','SC','SC',0,99),(5,1,1,'Contador Público','CP','Contador Público',0,100),(5,1,2,'Licenciatura en Administración de Negocios','LA','Licenciado en Administración de Negocios',0,101),(5,2,1,'Contador Público','CP','Contador Público',0,102),(5,2,2,'Licenciatura en Administración de Negocios','LAN','Licenciado en Administración de Negocios',0,103);
/*!40000 ALTER TABLE `carrera` ENABLE KEYS */;
UNLOCK TABLES;

--
-- Table structure for table `documento`
--

DROP TABLE IF EXISTS `documento`;
/*!40101 SET @saved_cs_client     = @@character_set_client */;
/*!40101 SET character_set_client = utf8 */;
CREATE TABLE `documento` (
  `Doc_ID` smallint(2) NOT NULL DEFAULT '0',
  `Doc_Nombre` varchar(20) NOT NULL DEFAULT '',
  PRIMARY KEY (`Doc_ID`),
  KEY `IDTipoDoc` (`Doc_ID`),
  KEY `nombre` (`Doc_Nombre`)
) ENGINE=InnoDB DEFAULT CHARSET=latin1;
/*!40101 SET character_set_client = @saved_cs_client */;

--
-- Dumping data for table `documento`
--

LOCK TABLES `documento` WRITE;
/*!40000 ALTER TABLE `documento` DISABLE KEYS */;
INSERT INTO `documento` VALUES (7,'C.Chilena'),(5,'CI'),(1,'DNI'),(2,'LC'),(3,'LE'),(4,'PAS');
/*!40000 ALTER TABLE `documento` ENABLE KEYS */;
UNLOCK TABLES;

--
-- Table structure for table `domicilio`
--

DROP TABLE IF EXISTS `domicilio`;
/*!40101 SET @saved_cs_client     = @@character_set_client */;
/*!40101 SET character_set_client = utf8 */;
CREATE TABLE `domicilio` (
  `Dom_Per_ID` decimal(11,0) NOT NULL DEFAULT '0',
  `Dom_Doc_ID` smallint(2) NOT NULL DEFAULT '0',
  `Dom_Fecha` timestamp NOT NULL DEFAULT CURRENT_TIMESTAMP ON UPDATE CURRENT_TIMESTAMP,
  `Dom_Calle` varchar(100) NOT NULL DEFAULT '',
  `Dom_Puerta` varchar(10) NOT NULL,
  `Dom_Piso` varchar(10) NOT NULL,
  `Dom_Dpto` varchar(5) NOT NULL,
  `Dom_Telefono` varchar(100) NOT NULL,
  `Dom_Observ` varchar(100) NOT NULL,
  `Dom_CodPostal` varchar(10) NOT NULL,
  `Dom_Prv_ID` smallint(2) NOT NULL DEFAULT '0',
  `Dom_Fac_ID` smallint(2) NOT NULL DEFAULT '0',
  `Dom_Loc_ID` smallint(2) NOT NULL DEFAULT '0',
  `Dom_e_mail` varchar(100) NOT NULL,
  `Dom_laboral` varchar(100) NOT NULL,
  `Dom_ID` int(4) NOT NULL AUTO_INCREMENT,
  PRIMARY KEY (`Dom_Per_ID`,`Dom_Doc_ID`),
  KEY `Dom_ID` (`Dom_ID`)
) ENGINE=InnoDB AUTO_INCREMENT=47946 DEFAULT CHARSET=latin1;
/*!40101 SET character_set_client = @saved_cs_client */;

--
-- Dumping data for table `domicilio`
--

LOCK TABLES `domicilio` WRITE;
/*!40000 ALTER TABLE `domicilio` DISABLE KEYS */;
INSERT INTO `domicilio` VALUES (0,0,'2015-02-05 16:26:05','las cortaderas 7902, chacras ,lujan de cuyo.','','','','4963207','','5505',1,3,8,'','',45543),(0,1,'2015-03-30 12:49:33','A.V.','794','','','','CAPITAL','5500',2,0,3,'','',2),(0,4,'2010-02-01 15:57:38','Ruta Nac. 143','km. 688','','','02627-15677840','','5600',1,4,7,'','',3),(1,0,'2014-04-14 21:55:52','A','7','','','','CAPITAL','5500',1,0,3,'','',41945),(3,0,'2013-11-12 21:30:53','A','7','','','','CAPITAL','5500',1,0,3,'','',37875),(3,1,'2006-05-17 22:42:26','PO','12','','','','CAPITAL','5500',1,0,3,'','',4),(4,0,'2013-04-03 12:53:00','A','794','','','','CAPITAL','5500',1,0,3,'','',34080),(6,1,'2012-10-24 20:42:56','A','794','','','','CAPITAL','5500',1,0,3,'','',5),(10,1,'2010-05-07 20:07:24','ENTRE RIOS','538','','','','CAPITAL','5500',1,0,3,'','',6),(13,1,'2010-02-10 21:00:51','Carlos Pellegrini','765','','','02925//15575676','','',1,3,15,'','',7),(14,1,'2008-10-18 00:29:02','LUZURIAGA','225','','','','CAPITAL','5500',1,0,3,'','',8),(15,1,'2007-02-12 11:48:23','A.VILL','754','','','','CAPITAL','5500',1,0,3,'','',9),(17,1,'2012-03-09 13:37:33','A','794','','','','CAPITAL','5500',1,0,3,'','',10),(18,1,'2010-10-14 13:41:17','PADRE GAGLIARDI','3803','','','155086555','VILLA NUEVA','5521',1,0,6,'','',11),(27,1,'2009-05-05 08:04:04','A.V','794','','','','CAPITAL','5500',1,0,3,'','',13),(30,1,'2007-03-14 23:17:03','BLAS PARERAS','1360','','','02627- 438222','SAN RAFAEL','5600',1,0,9,'','',16),(33,0,'2013-08-20 11:29:20','EMILIO DESCOTTE','750','','','','CAPITAL','5500',1,0,3,'','',36252),(34,1,'2009-08-20 08:38:39','BARRIO E-ROBLE M-C C-','','','','156513364','BERMEJO - LAVALLE','5533',1,0,19,'','',17),(35,0,'2013-05-21 14:02:44','EMILIO DESCOTTE','750','','','4202017','CAPITAL','5500',1,0,3,'','',34813),(37,1,'2014-02-03 22:19:38','PUEYRREDON','371','','','4287250-2622695778','TUNUYAN','5560',1,0,12,'','',38689),(38,1,'2015-02-23 13:34:32','PASO DE LOS ANDES','1733','','','4299382','','5500',1,4,23,'','',45988),(63,1,'2012-09-10 22:41:52','A.V.','794','','','','CAPITAL','5500',1,0,3,'','',18),(65,1,'2013-08-26 15:07:49','COLON','452','','','4239813','CAPITAL','5500',1,0,3,'','',36472),(76,1,'2008-03-07 14:27:13','ALMAFUERTE','964','','','02625- 425962','GENERAL ALVEAR','5620',1,0,13,'','',19),(101,1,'2007-06-22 20:50:03','Espejo','420','','','4974102 155659542','','',1,1,9,'edgardoconti@hotmail.com','UTN  Cámara Olivícola de Mendoza',20),(103,1,'2007-06-22 22:28:24','Cacheuta','702','','','4303133 -4525118-155157908','','5501',1,1,3,'josecorrenti@yahoo.com.ar','',21),(104,1,'2007-06-22 22:31:07','Barrio El Hornero Mzana 3 Casa 14','','','','02652-456831  -15511929','','',2,1,1,'p_culatti@hotmail.com','',22),(105,1,'2007-06-22 22:40:41','Alicante','1842','','','4396305','','5501',1,1,3,'d','',23),(119,1,'2010-04-20 14:53:53','ARISTIDES VILLANUEVA','794','','','4202017','CAPITAL','5500',1,0,3,'','',24),(124,1,'2007-02-21 21:52:12','ITALIA','855','','','4290521','CAPITAL','5500',1,0,3,'','',25),(267,0,'2014-03-21 22:38:36','SANTA MARIA DE ORO Bº  RES.CHACABUCO','241','','','0264-154476069','CIUDAD','5400',3,0,3,'','',41341),(273,0,'2012-03-21 14:20:42','A','794','','','','CAPITAL','5500',1,0,3,'','',26),(307,0,'2012-05-15 19:23:35','A','794','','','','CAPITAL','5500',1,0,3,'','',27),(338,0,'2014-03-21 20:54:25','A','794','','','','CAPITAL','5500',1,0,3,'','',41339),(339,0,'2014-04-24 19:50:33','A','7','','','','CAPITAL','5500',1,0,3,'','',42132),(343,0,'2011-03-04 14:50:18','AAA','794','','','','CAPITAL','5500',1,0,3,'','',28),(367,0,'2015-03-16 14:29:47','A','','','','','','',2,0,1,'','',46572),(368,0,'2014-03-05 12:11:36','A','794','','','','CAPITAL','5500',1,0,3,'','',40567),(377,0,'2013-10-31 10:35:32','A','7','','','','CAPITAL','5500',1,0,3,'','',37768),(383,0,'2012-10-13 12:32:30','A','794','','','','CAPITAL','5500',1,0,3,'','',29),(417,0,'2012-04-03 20:59:34','A','794','','','','CAPITAL','5500',1,0,3,'','',30),(605,0,'2014-04-04 16:12:07','000','','','','','','',2,0,1,'','',41615),(2595,0,'2012-06-28 15:14:42','A.V.','794','','','','CAPITAL','5500',1,0,3,'','',31),(2987,0,'2012-05-02 11:24:49','A','794','','','','CAPITAL','5500',1,0,3,'','',32),(3227,0,'2012-03-13 20:49:50','DECURGEZ','','','','4224996','GODOY CRUZ','5501',1,0,8,'','',33),(3357,0,'2011-09-05 19:51:01','AA','794','','','','CAPITAL','5500',1,0,3,'','',34),(6093,4,'2007-10-25 23:34:33','HUARPES','629','','','4255264','CAPITAL','5500',1,0,3,'','',35),(9452,0,'2013-05-22 22:46:11','A','794','','','','CAPITAL','5500',1,0,3,'','',34836),(13784,0,'2011-03-28 19:20:25','AA.','794','','','','CAPITAL','5500',1,0,3,'','',36),(13932,0,'2011-04-05 12:33:29','AAA','794','','','','CAPITAL','5500',1,0,3,'','',37),(14920,1,'2008-12-10 00:07:38','PERU','948','','','','CAPITAL','5500',1,0,3,'','',38),(15972,0,'2012-04-10 22:10:58','A','794','','','','CAPITAL','5500',1,0,3,'','',39),(25443,0,'2012-03-12 14:47:25','A','794','','','','CAPITAL','5500',1,0,3,'','',40),(25665,1,'2011-11-11 12:38:01','Bernardo de  Irigoyen ','68','','','15346881','','5600',1,4,7,'anye_ga@hotmail.com','',41),(25695,1,'2015-04-17 15:22:32','Belgica ','784','','','','','5730',5,3,13,'xflavio@hotmail.com','',47689),(26838,0,'2015-03-10 20:58:55','A','7','','','','CAPITAL','5500',1,0,3,'','',46421),(28684,0,'2013-04-16 14:49:55','A','','','','','','',2,0,1,'','',34552),(31427,0,'2013-10-30 23:26:52','A','7','','','','CAPITAL','5500',1,0,3,'','',37765),(32169,0,'2014-05-22 11:38:13','A','7','','','','CAPITAL','5500',1,0,3,'','',42232),(32909,0,'2014-03-25 15:00:48','A','7','','','','CAPITAL','5500',1,0,3,'','',41374),(33095,4,'2013-06-11 12:21:33','Ing. ballo Fet  ','141','','','0261 15349724','','5539',1,0,4,'lin.cangri@hotmail.com','',42),(33577,0,'2012-03-20 15:53:00','A','','','','','CAPITAL','5500',1,0,3,'','',43),(33967,0,'2013-05-07 16:20:42','A','794','','','','CAPITAL','5500',1,0,3,'','',34686),(34625,0,'2011-03-09 14:58:45','AAAA','794','','','','CAPITAL','5500',1,0,3,'','',44),(35474,0,'2011-03-16 14:06:46','AAAA','794','','','','CAPITAL','5500',1,0,3,'','',45),(35664,0,'2013-09-10 13:37:37','KKHJGGHGHF','','','','','','',2,0,1,'','',36966),(35877,0,'2014-03-17 20:08:12','A','7','','','','CAPITAL','5500',1,0,3,'','',41130),(36417,0,'2012-03-27 18:51:41','A','794','','','','CAPITAL','5500',1,0,3,'','',46),(36841,0,'2015-03-30 23:35:52','0','','','','','','',2,0,1,'','',47347),(37137,0,'2014-03-17 21:59:00','A','7','','','','CAPITAL','5500',1,0,3,'','',41180),(37737,0,'2013-08-12 15:08:01','A','794','','','','CAPITAL','5500',1,0,3,'','',35844),(38415,0,'2015-03-12 15:16:41','33','','','','','','',2,0,1,'','',46492),(38449,0,'2014-03-21 16:04:17','99999','','','','','','',2,0,1,'','',41333),(38583,1,'2013-12-16 14:26:16','Barrio 21 de Julio M W;  casa 24','','','','496756','156614787','',1,5,25,'maristam95@gmail.com','',38286),(39017,0,'2012-10-25 20:32:50','A','794','','','','CAPITAL','5500',1,0,3,'','',47),(45392,4,'2012-04-10 13:49:46','Paseo Dr. Emilio Descote','750','','','','','',1,2,1,'clothisss_@hotmail.com','',48),(47695,4,'2006-05-19 13:05:28','CASTELLANOS','148','','','4483819','LAS HERAS','5539',1,2,4,'fbriceo@hotmail.com','',49),(49251,4,'2013-04-12 13:29:18','PASEO DR. EMILIO DESCOTE','750','','','','','5500',1,2,1,'jcastroguzman101@gmail.com','',34532),(53085,0,'2013-06-24 22:05:41','LKLJHJGHG','','','','','','',2,0,1,'','',35248),(70468,4,'2011-04-18 21:24:50','Chile','922','','','4081585','CAPITAL','5500',1,1,1,'','',50),(72182,4,'2009-02-07 02:00:06','Yensen','911','','','02627-15394628 - 15639140','','5600',1,4,7,'','',51),(77173,4,'2014-12-15 13:40:24','PASEO DR. EMILIO DESCOTE','750','','','','','5500',1,2,20,'morganlechevallier@gmail.com','',45031),(77233,4,'2011-10-07 19:55:15','PASO DE LOS ANDES','846','1','1','156886231','CAPITAL','5500',1,5,1,'','',52),(79279,4,'2012-04-10 14:16:28','Paseo Dr. Emilio Descote','750','','','','','5500',1,2,1,'silvia.gonzalez108@alu.ulpgc.es','',53),(91497,4,'2014-12-15 13:35:49','PASEO DR. EMILIO DESCOTE','750','','','','','5500',1,2,20,'eloise.denecheau@rennes.archi.fr','',45030),(108566,4,'2012-04-10 20:08:37','Paso de los Andes ','624','','','','','5500',1,2,1,'cristianrl88@gmail.com','',54),(122371,4,'2012-04-10 20:14:33','Paseo Dr. Emilio Descote','750','','','','','5500',1,2,1,'taniauskaster@gmail.com','',55),(123456,1,'2015-03-30 21:14:55','AV','750','','','','CAPITAL','5500',2,0,3,'','',47303),(123456,7,'2015-03-30 21:15:34','AV','750','','','','CAPITAL','5500',2,0,3,'','',47304),(126593,4,'2008-03-13 12:10:19','NECOCHEA','712','','','155994316','CAPITAL','5500',1,0,3,'','',56),(151617,4,'2014-09-11 23:09:23','Bº SAN MIGUEL MNA 13 CASA 32','','','','155390752','LAS HERAS','5539',1,0,1,'','',44135),(171329,4,'2006-04-19 19:56:17','San Lorenzo','12','7','45','0261-156664388','','5500',1,1,1,'did.gaudin@voira.fr','',57),(177215,4,'2009-02-20 03:18:29','Av. Espejo','420','','','02627- 426208 - 15684730','','5600',1,5,1,'','',58),(195629,5,'2013-06-11 12:21:34','Paso','7','','Ciuda','4287777','','',1,1,1,'','',34944),(199746,4,'2008-02-15 20:17:10','MONTEVIDEO','165','','','4298574','CAPITAL','5500',1,0,3,'','',59),(268005,5,'2003-04-02 03:00:00','Huarpes','758','','','','','5500',1,1,1,'','',61),(306503,4,'2010-05-20 15:17:30','9 de Julio','2163','','','4237365','','5500',1,2,20,'emmanuelle_774@hotmail.com','',62),(323143,5,'2007-05-28 00:50:40','','','','','','','',1,1,1,'giorgiofioravanti@yahoo.com.ar','Consultoras Electricas - Ecuador',63),(324118,4,'2005-05-20 15:34:21','San Lorenzo','444','5','72','4259643','','5501',1,4,1,'','',64),(326982,0,'2011-05-30 12:17:19','AA','794','','','','CAPITAL','5500',1,0,3,'','',65),(328051,4,'2009-03-18 18:54:30','Bº SOEVA II','C 23','M A','','4526384','','',1,4,3,'','',66),(358767,0,'2011-03-11 22:29:10','AAAA','794','','','','CAPITAL','5500',1,0,3,'','',67),(360279,4,'2010-02-05 20:53:37','1º DE MAYO','1515','','','4285948','GODOY CRUZ','5501',1,0,8,'','',68),(361987,0,'2012-03-19 14:43:05','A','794','','','','CAPITAL','5500',1,0,3,'','',69),(364234,0,'2011-03-09 14:37:59','AAAA794','794','','','','CAPITAL','5500',1,0,3,'','',70),(365167,0,'2012-05-15 20:14:55','A','794','','','','CAPITAL','5500',1,0,3,'','',71),(372136,5,'2006-05-31 15:02:18','Renato Sanzin','1336','','','4282272-155393427','','5501',1,1,3,'castro_joseluis@yahoo.com.ar','Freelance',72),(379643,0,'2013-03-18 19:38:32','A','7','','','','CAPITAL','5500',1,0,3,'','',33870),(393133,1,'2012-03-29 21:00:52','A.V.','794','','','','CAPITAL','5500',1,0,3,'','',73),(413276,4,'2010-08-17 22:51:51','Los Nogales - Villa Nueva','1287','','','4268930','','5521',1,2,2,'','',75),(420876,5,'2007-09-20 20:21:54','PASAJE LEMOS  NACE EN PARDO','741','','','4205133','CAPITAL','5500',1,3,1,'','',76),(439225,4,'2012-10-18 12:03:23','A.VILLANUEVA  EGRESADO DE ESPAÑA','794','','','','CAPITAL','5500',1,0,3,'','',77),(448326,4,'2013-06-11 12:21:35','Picheuta','668','','','4273176','','',1,1,3,'diana_326@msn.com','',78),(452232,4,'2012-04-10 20:31:41','Paseo Dr. Emilio Descote','750','','','','','5500',1,2,1,'carla.santan.p@gmail.com','',79),(454851,1,'2008-09-03 15:30:12','G','j','','','','CAPITAL','5500',1,0,3,'','',80),(460901,0,'2015-04-20 21:05:59','A','7','','','','CAPITAL','5500',1,0,3,'','',47733),(518083,5,'2006-02-27 21:41:40','GUIDO SPANO','1063','','','4300278','LAS HERAS','5539',1,0,1,'','',81),(551832,4,'2006-04-19 20:00:11','San Lorenzo','12','7','45','0261156664386','','5500',1,1,1,'fabvador@msn.com','',82),(571639,4,'2005-03-15 22:23:51','Victor Hugo','121','','','4242688','Flia Yarza','',1,1,3,'','',83),(613230,1,'2014-08-11 14:31:39','A.V.','794','','','','CAPITAL','5500',1,0,3,'','',42882),(613907,4,'2013-08-12 13:13:44','A.V.','794','','','898-8-802','CAPITAL','5500',1,0,3,'','',35814),(638272,4,'2012-04-10 21:26:00','Paseo Dr. Emilio Descote','750','','','','','5500',1,2,1,'lukl50@hotmail.com','',84),(638575,6,'2004-10-01 12:49:16','San Juan','985','','','4200498','','',1,2,1,'','',85),(661207,4,'2012-09-07 20:20:28','Bº SUYAI M P - C 24','','','','4562506','VILLA NUEVA','5521',1,0,6,'','',86),(664474,4,'2005-03-15 22:37:39','Mitre','1965','','','','','5500',1,1,1,'biosca_mathieu@yahoo.fr','',87),(693279,4,'2012-09-06 21:10:07','Hostel Sosa Haus- Juan B Justo','56','','','','','',1,3,1,'','',88),(693281,4,'2012-10-26 23:08:03','JUNA B. JUSTO ( HOSTEL )','56','','','','CAPITAL','5500',1,0,3,'','',89),(693640,1,'2013-10-09 00:00:01','Los Franceses','1987','','','154464466//154538465','','',1,3,7,'','',37449),(701153,4,'2009-02-10 09:02:26','JOAQUIN V. GONZALEZ','863','','','4340002','CAPITAL','5500',1,0,3,'','',90),(702360,4,'2013-06-11 12:21:35','Ayacucho 130','','','3','4378686','','5500',1,1,1,'emilianomarchiol@gmail.com','',91),(706841,4,'2012-04-11 11:43:26','Paseo Dr. Emilio Descote','750','','','','','',1,2,1,'yasmine.sabir20@hotmail.fr','',92),(726843,4,'2012-04-10 20:34:12','Paso de los Andes','624','','','','','5500',1,2,1,'aler8ne@hotmail.com','',93),(749059,1,'2011-02-02 14:42:34','FRENCH','837','','','156413635','MAIPU','5515',1,0,2,'','',94),(749059,4,'2011-02-02 14:42:58','FRENCH','837','','','156413635','MAIPU','5515',1,0,2,'','',95),(785008,4,'2012-02-22 14:40:45','Alemania','536','','','0261 - 156116824','','5600',1,2,7,'','',96),(799266,4,'2013-08-02 16:28:04','Rufino  Ortega','142','','','','','5500',1,5,15,'nati-k14@hotmail.com','',35594),(801953,1,'2011-08-30 14:50:24','URQUIZA','356','','','2616102582','CAPITAL','5500',1,0,3,'','',97),(815820,4,'2013-08-13 15:33:46','Paseo Dr. Emilio Descote','750','','','','','5500',1,2,1,'carme.ab91@gmail.com','',36049),(824538,4,'2009-09-03 07:34:30','Bº Círculo Médico manzana F casa 5','','','','02623-156612114','','',1,1,5,'gui_roux@hotmail.com','',98),(841744,4,'2014-02-05 20:38:50','FELIX SUAREZ','1408','','','4211870','VILLA NUEVA','5521',1,0,6,'','',38820),(847071,4,'2006-02-27 22:24:05','AV. SAN MARTIN 2400','','','','4254328','','5500',1,4,1,'marcgs74@hotmail.com','',99),(851847,4,'2012-02-24 19:18:33','A.V.','794','','','','CAPITAL','5500',1,0,3,'','',100),(864698,4,'2012-04-10 21:28:30','Olascoaga','264','','','','','',1,2,1,'rubenurcolapelaez@hotmail.com','',101),(878228,4,'2013-06-11 12:21:35','Emilio Civit','544','','','','','5500',1,1,1,'','',102),(892084,1,'2011-08-31 15:02:38','NIHUIL','1166','','','','GODOY CRUZ','5501',1,0,8,'','',103),(911175,4,'2012-11-09 13:21:37','PEDRO VARGAS','2527','','','4316176','VILLA NUEVA','5521',1,0,6,'','',104),(964825,4,'2013-08-13 15:14:32','Paseo Dr. Emilio Descote','750','','','','','5500',1,2,1,'u1902357@campus.udg.edu','',36046),(1036972,4,'2012-09-12 15:08:23','Las Paredes','','','','0260- 154311519','Las Paredes','5600',1,2,7,'ra_thesungod_@hotmail.fr','',105),(1040340,4,'2006-03-22 03:06:38','Jorge A. Calle','108','','','4231726','','5500',1,4,1,'','',106),(1040341,4,'2007-09-26 22:24:52','Jorge A. Calle','108','','','4231726','CAPITAL','5500',1,1,1,'chuangjwu@hotmail.com','',107),(1115883,4,'2006-02-21 18:53:12','Yrigoyen','2638','','','4457157','San José','5519',1,1,2,'','',108),(1165517,4,'2003-07-10 03:00:00','Patricias Mendocinas','610','','','4232154','','5500',1,2,1,'','',109),(1211044,1,'2013-03-01 16:15:00','RUTA 50','s/n ','','','2616579076','LAS HERAS','5539',1,0,1,'','',110),(1258427,1,'2008-05-14 15:49:35','','','','','4263450 - 156676089','','',1,1,1,'orbistur99@yahoo.com.ar','',111),(1315674,1,'2009-04-04 01:45:50','STA MARÍA DE ORO','343','','','02627- 442576','Cuadro Nacional','5600',1,0,9,'','',112),(1315674,4,'2009-04-04 01:23:51','Santa María de Oro','343','','','02627-442576','Cuadro Nacional','5600',1,4,7,'','',113),(1428995,2,'2003-05-06 03:00:00','SAN MARTIN 1003','','','','243161','GODOY CRUZ','5501',0,3,0,'','',114),(1632581,4,'2008-10-23 18:27:46','San juan de dios','586','','','4327052','','5519',1,1,2,'katya0426@hotmail.com','',115),(1633154,4,'2006-02-17 21:35:52','MONTES DE OCA','1140','','','4280477','GODOY CRUZ','5501',1,0,8,'','',116),(1666484,4,'2013-03-20 14:23:02','PASEO EMILIO DESCOTE','750','','','','','',1,2,1,'bais88@tiscali.it','',33925),(1673728,0,'2013-11-12 19:31:28','A','7','','','','CAPITAL','5500',1,0,3,'','',37874),(1675998,0,'2014-03-27 15:02:47','A','794','','','','CAPITAL','5500',1,0,3,'','',41478),(1760976,4,'2006-10-04 14:35:21','AVELINO  MAURE','119','','','4236364','CAPITAL','5500',1,0,3,'','',117),(1774673,4,'2014-02-04 22:13:09','COLON','50','','','156471007','COSTA DE ARAUJO','5535',1,0,10,'','',38788),(1806805,4,'2007-06-30 16:42:28','sargento cabral','382','','','4234153','','5500',1,4,1,'joy_xaveier2004@hotmail.com','',118),(1877894,5,'2007-10-24 23:34:40','HASTILLO Nº 3SECTOR DE LOS DIAMANTES','brasilia 1','','','','CAPITAL','5500',1,0,3,'','',119),(1893882,6,'2004-04-07 13:29:53','Sobremonte','648','','','4200968','','5500',1,2,1,'','',120),(2072373,4,'2008-03-29 22:00:57','Marmol','2114--','--','--','156601347','','5501',1,2,3,'neo11083@hotmail.com','',121),(2081022,1,'2015-03-30 11:52:09','A','7','','','','CAPITAL','5500',1,0,3,'','',46885),(2239220,0,'2013-03-21 21:28:25','B','7','','','','CAPITAL','5500',1,0,3,'','',33963),(2255037,0,'2010-10-08 21:36:19','BARRIO SOBERANIA NACIONAL M-N CASA 24','','','','','CAPITAL','5500',1,0,3,'','',122),(2259037,0,'2010-10-08 21:35:00','BARRIO SOBERANIA NACIONAL M-N CASA 24','','','','156847070','CAPITAL','5500',1,0,3,'','',123),(2283847,1,'2009-09-02 11:07:53','Olascuaga','1583','','','4250217-155442168','','5500',1,1,1,'vampiro_inquieto18@hotmail.com','',124),(2283847,4,'2013-06-11 12:21:36','Olascuaga','1583','','','4250217-155442168','','5500',1,1,1,'vampiro_inquieto18@hotmail.com','',34945),(2315935,1,'2014-08-11 14:24:21','A.V.',' 794','','','','CAPITAL','5500',1,0,3,'','',42879),(2343886,4,'2013-05-17 19:21:36','A. VILLANUEVA','794','','','','CAPITAL','5500',2,0,3,'','',34794),(2347863,4,'2007-05-17 13:52:28','Los Paramillos','3636','','','4288526','','5501',1,2,3,'','',125),(2353529,1,'2008-04-11 16:02:08','BOULOGNE SUR MER','665','','','4291192','CAPITAL','5500',1,0,3,'','',126),(2369455,4,'2003-02-18 03:00:00','Av. Godoy Cruz','124','','2','155568150','','5500',1,1,1,'','',127),(2425062,0,'2010-10-04 20:43:03','PEDRO VARGAS','603','','','155324781','SAN MARTIN','5570',1,0,4,'','',128),(2437248,1,'2012-08-28 15:22:21','BARTOLOME MITRE','2151','','','4562582-156829584','SAN JOSE - DORREGO','5519',1,0,6,'','',129),(2447757,0,'2014-04-01 12:28:10','A','794','','','','CAPITAL','5500',1,0,3,'','',41560),(2593972,0,'2014-04-04 15:02:58','A','7','','','','CAPITAL','5500',1,0,3,'','',41614),(2629578,1,'2014-04-07 23:44:16','Montevideo ','723','','','','','5500',1,3,1,'iyoma@yomaabogados.com.ar','',41664),(2653008,4,'2003-08-28 03:00:00','San Martín','829','','','4237542','','5500',1,1,1,'','',130),(2671114,0,'2014-10-31 22:26:09','A','7','','','','CAPITAL','5500',1,0,3,'','',44549),(2686570,1,'2008-02-07 14:30:50','CLARK','555','','','','CAPITAL','5500',1,0,3,'','',131),(2756396,1,'2015-03-30 13:50:47','A.V.','794','','','','CAPITAL','5500',2,0,3,'','',47043),(2772599,0,'2014-03-07 16:04:46','A','794','','','','CAPITAL','5500',1,0,3,'','',40662),(2851145,0,'2011-09-09 21:53:32','Bº JARDIN ALTO MENDOZA M-F CASA 3','','','','4448589','CAPITAL','5500',1,0,3,'','',132),(2879521,0,'2014-04-22 21:39:46','A','794','','','','CAPITAL','5500',1,0,3,'','',42113),(2882975,0,'2014-04-24 23:05:50','A','7','','','','CAPITAL','5500',1,0,3,'','',42134),(2922282,0,'2014-08-29 22:01:07','A','7','','','','CAPITAL','5500',1,0,3,'','',43820),(2987689,0,'2012-05-02 11:25:09','A','794','','','','CAPITAL','5500',1,0,3,'','',134),(2988454,1,'2009-04-23 00:11:40','Fray Mamerto Esquiu','6297','','','4260081','','5521',1,5,16,'','',135),(3014849,0,'2012-03-13 21:06:38','A','794','','','','CAPITAL','5500',1,0,3,'','',136),(3021896,1,'2012-12-18 14:03:01','CERRO MIRADOR M-13 C-3 DALVIAN','','','','4447907','LAS HERAS','5539',1,0,1,'','',137),(3030410,0,'2013-03-13 21:32:03','A','794','','','','CAPITAL','5500',1,0,3,'','',33780),(3030513,0,'2013-04-08 13:41:25','A','794','','','','CAPITAL','5500',1,0,3,'','',34457),(3034640,1,'2007-12-04 20:30:30','URQUIZA','78','','','','CAPITAL','5500',1,0,3,'','',138),(3034640,4,'2007-10-04 20:03:40','Urquiza','78','','','156687391','','5500',1,3,1,'','',139),(3036262,2,'2011-06-01 15:25:25','SARGENTO CABRAL','348','','3','','CAPITAL','5500',1,0,3,'','',140),(3036889,0,'2013-03-20 21:22:13','P','7','','','','CAPITAL','5500',1,0,3,'','',33944),(3044627,0,'2015-02-18 12:15:27','A','7','','','','CAPITAL','5500',1,0,3,'','',45864),(3045932,1,'2010-05-11 11:58:20','SARGENTO CABRAL','375','','','','CAPITAL','5500',1,0,3,'','',141),(3045932,2,'2010-05-11 14:04:41','NECOCHEA','557','3','3','','CAPITAL','5500',1,0,3,'','',142),(3054351,1,'2003-05-06 03:00:00','LAVALLE 780','','','','155756669','GODOY CRUZ','5501',0,3,0,'','',143),(3081917,1,'2012-05-09 15:31:31','San Lorezo','12','5','3','4235166-155917160','CAPITAL','5500',1,1,1,'','',144),(3089308,0,'2014-03-10 23:23:24','A','794','','','','CAPITAL','5500',1,0,3,'','',40787),(3095700,1,'2006-09-04 19:44:07','TANCREDO   NEVEZ','4337','','','02644301180','CIUDAD','5400',3,0,3,'','',145),(3113338,4,'2009-03-28 01:46:03','Bº Los Arrayanes  Calle Europa  M-\"B\", Casa 13','','','','4220988','','5501',1,5,9,'','',146),(3150007,0,'2013-03-11 23:03:17','A','794','','','','CAPITAL','5500',1,0,3,'','',33691),(3156150,0,'2012-12-20 15:05:59','A','7','','','','CAPITAL','5500',1,0,3,'','',147),(3158795,0,'2013-06-12 21:13:04','A','794','','','','CAPITAL','5500',1,0,3,'','',35128),(3159576,0,'2015-04-10 13:26:00','A','7','','','','CAPITAL','5500',1,0,3,'','',47586),(3178205,0,'2011-06-27 14:54:55','AA.','794','','','','CAPITAL','5500',1,0,3,'','',148),(3186323,0,'2013-04-09 15:10:37','A','794','','','','CAPITAL','5500',1,0,3,'','',34489),(3186415,0,'2013-03-18 20:43:20','A','794','','','','CAPITAL','5500',1,0,3,'','',33875),(3186624,0,'2014-04-09 13:10:39','A','7','','','','CAPITAL','5500',1,0,3,'','',41728),(3235140,0,'2011-08-31 21:56:20','A.V.794','','','','','CAPITAL','5500',1,0,3,'','',149),(3236982,0,'2013-06-05 21:23:57','A','794','','','','CAPITAL','5500',1,0,3,'','',34934),(3239667,0,'2014-02-05 14:06:56','A','794','','','','CAPITAL','5500',1,0,3,'','',38803),(3242315,0,'2012-05-11 15:10:18','A','794','','','','CAPITAL','5500',1,0,3,'','',150),(3266153,0,'2013-03-15 21:11:10','A','794','','','','CAPITAL','5500',1,0,3,'','',33849),(3267768,0,'2011-03-17 21:01:46','AAAAAA','794','','','','CAPITAL','5500',1,0,3,'','',151),(3274260,0,'2013-03-22 14:39:58','A','7','','','','CAPITAL','5500',1,0,3,'','',33975),(3280448,4,'2006-05-18 12:56:22','Parana','640','','','155417338','','5500',1,2,1,'','',152),(3287887,1,'2006-02-13 12:10:03','TUCUMAN  NORTE','625','','','0264-4218818','CIUDAD','5400',3,0,3,'','',153),(3292995,0,'2014-05-12 21:03:26','A','794','','','','CAPITAL','5500',1,0,3,'','',42208),(3294220,0,'2014-04-03 14:00:10','A','7','','','','CAPITAL','5500',1,0,3,'','',41580),(3316043,0,'2011-04-08 20:18:54','AAA','794','','','','CAPITAL','5500',1,0,3,'','',154),(3316732,0,'2011-04-04 20:30:37','AAA','794','','','','CAPITAL','5500',1,0,3,'','',155),(3323615,0,'2014-04-14 14:46:24','A','794','','','','CAPITAL','5500',1,0,3,'','',41938),(3333215,1,'2015-03-30 14:56:54','A','7','','','','CAPITAL','5500',1,0,3,'','',47132),(3344821,0,'2011-03-04 14:29:36','A.VILL','794','','','','CAPITAL','5500',1,0,3,'','',156),(3352419,0,'2011-03-31 22:13:40','DAAADFSADFADF','fdgvfg','','','','CAPITAL','5500',1,0,3,'','',157),(3352572,0,'2012-05-04 21:03:59','A','794','','','','CAPITAL','5500',1,0,3,'','',158),(3352650,0,'2014-03-14 22:46:57','A','7','','','','CAPITAL','5500',1,0,3,'','',41055),(3353556,0,'2012-03-16 21:18:17','A','794','','','','CAPITAL','5500',1,0,3,'','',159),(3357385,0,'2011-09-05 19:50:12','AA','794','','','','CAPITAL','5500',1,0,3,'','',160),(3357987,0,'2013-04-05 23:23:13','LJHJGHJ','','','','','','',2,0,1,'','',34452),(3358307,1,'2006-03-08 20:45:08','MARIANO  MORENO','','','','02623-430256','SAN MARTIN','5570',1,0,4,'','',161),(3364732,1,'2009-11-18 23:23:42','A.VILLANUEVA','794','','','','CAPITAL','5500',1,0,3,'','',162),(3364732,4,'2009-03-31 16:05:29','Carola Lorenzini','894','','','156602907','','5501',1,4,3,'','',163),(3370491,0,'2013-03-11 21:15:16','A','794','','','','CAPITAL','5500',1,0,3,'','',33686),(3392091,5,'2011-03-21 15:05:26','Huarpes','572','','','4296656','CAPITAL','5500',1,2,1,'so_weis@hotmail.com','',164),(3392644,0,'2011-03-23 14:23:59','AAAA','794','','','','CAPITAL','5500',1,0,3,'','',165),(3405967,0,'2011-03-30 15:03:46','AA','794','','','','CAPITAL','5500',1,0,3,'','',166),(3417823,0,'2011-03-28 13:18:39','AAAA','794','','','','CAPITAL','5500',1,0,3,'','',167),(3419195,0,'2012-08-02 20:58:13','A','794','','','','CAPITAL','5500',1,0,3,'','',168),(3432434,0,'2011-04-12 20:25:15','AA','794','','','','CAPITAL','5500',1,0,3,'','',169),(3437033,0,'2012-10-16 16:36:06','A','794','','','','CAPITAL','5500',1,0,3,'','',170),(3447155,0,'2012-07-23 15:51:28','A','794','','','','CAPITAL','5500',1,0,3,'','',171),(3464244,0,'2013-04-05 23:07:11','LKLJKJKJ','','','','','','',2,0,1,'','',34448),(3468252,1,'2009-06-27 00:54:46','A.V','794','','','','CAPITAL','5500',1,0,3,'','',172),(3469955,1,'2009-08-01 02:49:44','A.VILLANUEVA','794','','','','CAPITAL','5500',1,0,3,'','',173),(3474788,0,'2011-03-23 15:27:45','AAAA','794','','','','CAPITAL','5500',1,0,3,'','',174),(3477423,1,'2009-02-11 02:48:17','Mercado','389','','','02627-437708','','5600',1,4,7,'','',175),(3481983,0,'2011-03-31 19:25:10','AAA','794','','','','CAPITAL','5500',1,0,3,'','',176),(3497290,0,'2011-03-30 22:07:31','AAA','794','','','','CAPITAL','5500',1,0,3,'','',177),(3514848,0,'2013-02-21 20:40:04','A','7','','','','CAPITAL','5500',1,0,3,'','',178),(3518446,0,'2015-03-18 19:26:28','A','7','','','','CAPITAL','5500',1,0,3,'','',46653),(3519022,0,'2012-03-06 11:31:13','A','794','','','','CAPITAL','5500',1,0,3,'','',179),(3519427,0,'2013-03-25 14:22:56','A','7','','','','CAPITAL','5500',1,0,3,'','',34032),(3546311,0,'2015-03-11 22:32:41','A','7','','','','CAPITAL','5500',1,0,3,'','',46475),(3553076,0,'2011-03-30 23:02:51','AAA','794','','','','CAPITAL','5500',1,0,3,'','',180),(3553314,0,'2014-03-31 15:24:52','A','7','','','','CAPITAL','5500',1,0,3,'','',41537),(3556325,0,'2012-03-29 13:16:32','A VILLA','','','','','CAPITAL','5500',1,0,3,'','',181),(3571854,0,'2014-04-09 22:10:12','A','7','','','','CAPITAL','5500',1,0,3,'','',41793),(3576781,0,'2013-03-25 19:49:57','A','','','','','','',2,0,1,'','',34039),(3577063,1,'2010-08-09 22:46:10','9 de Julio','83','','','4244749','','5500',1,5,15,'','',182),(3583304,1,'2006-08-22 19:46:03','FELIX OLAZABAL','382','','','02615432283','SAN MARTIN','5570',1,0,4,'','',183),(3591220,0,'2013-04-03 12:37:56','MARTINEZ DE ROSAS','2970','','','155273132','CAPITAL','5500',1,0,3,'','',34079),(3592513,0,'2012-04-03 15:16:30','A VILLA','','','','','CAPITAL','5500',1,0,3,'','',184),(3593381,0,'2013-04-08 14:01:50','A','794','','','','CAPITAL','5500',1,0,3,'','',34458),(3604566,4,'2013-06-11 12:21:36','Martin Fierro','Casa 19','','','4286777 (vecino)','','5501',1,1,3,'karin0108_m@hotmail.com','',185),(3605121,0,'2012-03-01 14:05:27','A','794','','','','CAPITAL','5500',1,0,3,'','',186),(3609561,1,'2011-09-07 21:57:46','Bº CORDON DEL PLATA, MAIPU LIEN','2153','','','4981836','LUJAN DE CUYO','5507',1,0,7,'','',187),(3614014,0,'2015-03-26 11:46:24','A','7','','','','CAPITAL','5500',1,0,3,'','',46798),(3616326,0,'2015-04-20 18:27:01','A','7','','','','CAPITAL','5500',1,0,3,'','',47730),(3642412,0,'2014-04-15 19:46:21','111','','','','','','',2,0,1,'','',42008),(3651350,0,'2015-02-19 19:45:30','A','7','','','','CAPITAL','5500',1,0,3,'','',45908),(3651580,0,'2013-04-10 14:01:29','A','794','','','','CAPITAL','5500',1,0,3,'','',34504),(3656959,6,'2013-08-16 20:58:41','PEDRO VARGAS','898','','','2615730236','SAN JOSE - DORREGO','5519',1,0,6,'','',36239),(3659506,0,'2013-03-14 20:14:14','EMILIO CIVIT','445','','','4295472','CAPITAL','5500',1,0,3,'','',33832),(3673835,0,'2013-03-12 22:46:40','AV','5','','','','CAPITAL','5500',1,0,3,'','',33729),(3674338,0,'2015-03-19 21:06:39','A','7','','','','CAPITAL','5500',1,0,3,'','',46711),(3678819,0,'2013-10-30 22:22:37','A','7','','','','CAPITAL','5500',1,0,3,'','',37753),(3687074,0,'2014-02-03 12:47:55','Bº 21 DE JUNIO  M-Q CASA 7-CARRODILLA','','','','','CHACRAS-CARRODILLA','5505',1,0,7,'','',38603),(3687394,1,'2010-05-03 15:54:47','SARGENTO CABRAL','375','0','0','','CAPITAL','5500',1,0,3,'','',188),(3700194,0,'2013-05-08 16:23:07','A','794','','','','CAPITAL','5500',1,0,3,'','',34701),(3707870,4,'2008-12-04 00:38:13','Porona','537','','','','Bº Bancario','',1,4,3,'','',189),(3708311,0,'2014-03-20 19:31:20','A','794','','','','CAPITAL','5500',1,0,3,'','',41307),(3712508,0,'2014-02-26 14:26:35','A','794','','','','CAPITAL','5500',1,0,3,'','',40482),(3719767,0,'2013-03-07 15:51:10','A','794','','','','CAPITAL','5500',1,0,3,'','',190),(3751817,0,'2014-04-07 19:42:27','A','7','','','','CAPITAL','5500',1,0,3,'','',41647),(3752911,0,'2014-02-13 12:37:38','A','794','','','','CAPITAL','5500',1,0,3,'','',40185),(3756609,0,'2015-03-06 12:17:52','A','7','','','','CAPITAL','5500',1,0,3,'','',46292),(3767982,0,'2011-03-17 12:12:34','AAAAA','794','','','','CAPITAL','5500',1,0,3,'','',191),(3777613,0,'2015-02-20 15:35:12','LOS PUQUIOS Bº DALVIAN','5729','','','2615330232','CAPITAL','5500',1,0,3,'','',45940),(3777997,0,'2015-04-11 01:16:50','0','','','','','','',2,0,1,'','',47599),(3778643,0,'2011-03-28 11:32:39','AA','794','','','','CAPITAL','5500',1,0,3,'','',192),(3779097,0,'2013-05-03 18:38:01','LJLHJHFGFG','','','','','','',2,0,1,'','',34635),(3779833,0,'2015-03-30 20:44:20','0','','','','','','',2,0,1,'','',47293),(3786571,4,'2010-02-15 13:00:53','CHILE','2255','','','4486135','LAS HERAS','5539',1,0,1,'','',193),(3801904,1,'2008-02-07 14:35:26','ALBERDI','106','','','155524906','CAPITAL','5500',1,0,3,'','',194),(3801904,4,'2013-06-11 12:21:36','Alberdi','106','','','2613048877','','5500',1,1,1,'rogerfacing@hotmail.com','',34946),(3819222,0,'2015-04-01 21:44:53','A','7','','','','CAPITAL','5500',1,0,3,'','',47439),(3837936,0,'2013-03-01 13:16:35','A','7','','','','CAPITAL','5500',1,0,3,'','',195),(3840845,0,'2013-08-24 12:23:02','A','7','','','','CAPITAL','5500',1,0,3,'','',36461),(3859857,0,'2011-03-09 21:44:57','AAAA','794','','','','CAPITAL','5500',1,0,3,'','',196),(3879551,0,'2013-03-18 21:39:38','A','794','','','','CAPITAL','5500',1,0,3,'','',33885),(3880776,0,'2012-12-13 22:25:52','A','794','','','','CAPITAL','5500',1,0,3,'','',197),(3901733,0,'2013-10-01 13:35:17','A','794','','','','CAPITAL','5500',1,0,3,'','',37382),(3906535,1,'2015-03-30 14:10:20','A.V.','794','','','','CAPITAL','5500',2,0,3,'','',47071),(3907168,2,'2011-06-01 15:14:06','VICENTE GIL','434','','','','CAPITAL','5500',1,0,3,'','',198),(3911411,0,'2011-04-01 20:23:06','AAA','794','','','','CAPITAL','5500',1,0,3,'','',199),(3923948,0,'2014-08-23 13:15:52','A','7','','','','CAPITAL','5500',1,0,3,'','',43358),(3926220,0,'2015-04-20 21:50:33','A','7','','','','CAPITAL','5500',1,0,3,'','',47734),(3926438,0,'2013-03-08 15:55:22','A','794','','','','CAPITAL','5500',1,0,3,'','',200),(3934896,0,'2014-03-17 22:50:36','A','7','','','','CAPITAL','5500',1,0,3,'','',41187),(3935826,0,'2014-08-14 14:17:03','CERRO CATEDRAL','443','','','4443452','CAPITAL','5500',1,0,3,'','',43059),(3940994,0,'2015-02-04 21:57:48','Bº FURLOTTI SANTIAGO ZAINA','134','','','4813709','MAIPU','5515',1,0,2,'','',45514),(3956925,0,'2014-03-10 22:29:32','A','7','','','','CAPITAL','5500',1,0,3,'','',40781),(3960100,0,'2015-04-10 14:31:48','0','','','','','','',2,0,1,'','',47589),(3961185,0,'2015-04-01 21:33:29','LARIOJITA','s/n','','','02622586639','VISTA FLORES','5565',1,0,12,'','',47438),(3962761,0,'2012-06-06 20:15:17','A','794','','','','CAPITAL','5500',1,0,3,'','',201),(3968114,2,'2011-04-14 14:15:20','BºPALMARES 2ºETAPA  VALENCIA','1658','','','4397049','GODOY CRUZ','5501',1,0,8,'','',202),(3984091,0,'2013-04-17 19:00:52','A','794','','','','CAPITAL','5500',1,0,3,'','',34556),(4000281,1,'2007-10-25 22:06:46','Calle 25','S/N','','','02625-15401884','02625-480477 (Tía)','5634',1,3,15,'','',203),(4004190,0,'2015-04-13 16:16:21','A','7','','','','CAPITAL','5500',1,0,3,'','',47603),(4031127,1,'2006-09-06 15:00:12','ESPAÑA','2467','','','4234262','CAPITAL','5500',1,0,3,'','',204),(4071703,0,'2015-04-20 14:09:21','A','7','','','','CAPITAL','5500',1,0,3,'','',47725),(4106238,1,'2007-03-09 12:51:59','SAN JUAN BOSCO','1335','','','02627- 422542','SAN RAFAEL','5600',1,0,9,'','',205),(4112742,2,'2003-05-06 03:00:00','','','','','','','0',0,3,0,'','',206),(4112868,1,'2013-05-07 15:30:10','CANAL DE BEAGLE','2608','','','','GODOY CRUZ','5501',1,0,8,'','',34685),(4113323,1,'2014-05-09 14:12:53','BELGRANO','990','3','5','4253825','CAPITAL','5500',2,0,3,'','',42192),(4118454,1,'2015-03-30 12:53:22','A','7','','','','CAPITAL','5500',1,0,3,'','',46972),(4134676,4,'2009-06-18 11:24:51','A. V','','','','','CAPITAL','5500',1,0,3,'','',208),(4188075,1,'2010-05-06 23:10:03','NICOLÁS AVELLANEDA','456','','','','CAPITAL','5500',1,0,3,'','',209),(4244759,1,'2015-03-30 16:10:24','DESCOTTE','750','','','','CAPITAL','5500',2,0,3,'','',47197),(4249799,1,'2007-09-07 15:00:39','Dr. Saavedra Lamas','245','','','4249799','','',1,3,1,'','',210),(4260990,1,'2005-02-04 13:32:39','FROEBEL 3869 - VILLA NUEVA','','','','4260990','','5521',1,3,2,'','',211),(4262855,1,'2007-02-01 14:12:58','A.VILLANUEVA--','794','','','005912273469','CAPITAL','5500',1,0,3,'','',212),(4276544,1,'2008-09-12 23:27:23','PARANA','488','','','154198783','CAPITAL','5500',1,0,3,'','',213),(4282179,1,'2015-03-30 22:12:13','A','7','','','','CAPITAL','5500',1,0,3,'','',47325),(4294372,1,'2010-07-05 22:34:41','TABANERA','3274','','','','CAPITAL','5500',1,0,3,'','',214),(4304532,1,'2012-06-13 13:24:54','A.V.','794','','','','CAPITAL','5500',1,0,3,'','',215),(4304532,7,'2014-03-26 23:43:02','ALTAMIRA','1448','','','','VITACURA','8320000',52,3,1,'alesanchezm21@yahoo.es','',41469),(4318397,3,'2009-11-17 22:02:41','México','2885','','','4233228','','5500',1,1,1,'guillermo.diaz09@speedy.com.ar','UM- Jubilado Edemsa',216),(4372261,0,'2014-08-19 22:26:04','RIO LAS CUEVAS','1060','','','4303984+2616254120','LAS HERAS','5539',1,0,1,'','',43206),(4373110,0,'2014-09-09 15:00:03','Bº DALVIAN  M-19 CASA 1','','','','4447185-155331744','CAPITAL','5500',1,0,3,'','',44045),(4376048,4,'2009-04-22 01:11:15','La Pampa','2803','','','4452322','San José','5519',1,5,16,'','',217),(4392077,1,'2007-07-27 20:12:19','O','750','','','4202017','CAPITAL','5500',1,0,3,'','',218),(4421110,6,'2013-02-13 15:32:09','Bº LU Y FUERZA M-K C-17','','','','4633583','CHACRAS-CARRODILLA','5505',1,0,7,'','',219),(4444444,1,'2013-09-11 13:04:05','rdxertjfty','ggg','g','g','g','g','',1,5,19,'fl','',37022),(4460765,2,'2003-05-06 03:00:00','CDTE.FOSSA 105','','','','244852','CIUDAD','5500',0,3,0,'','',220),(4466626,4,'2009-02-03 11:38:33','MEGAFON M-A CASA 25 U.V.LOS CHAÑARES','','','','4248950','VISTALBA','5509',1,0,7,'','',221),(4483503,1,'2006-11-02 19:59:17','Pedro J. Godoy','1285','','','154856589','','5501',1,3,3,'','',222),(4500001,1,'2013-06-11 12:21:36','Espejo','2498','','','4318035','','5519',1,1,2,'','',34948),(4516918,1,'2015-03-30 13:18:33','A','7','','','','CAPITAL','5500',1,0,3,'','',47000),(4536772,1,'2012-05-11 20:19:31','SAAVEDRA','4232','','','223 4724963','CIUDAD','7600',11,0,2,'','',223),(4609015,0,'2015-04-20 21:05:37','A','7','','','','CAPITAL','5500',1,0,3,'','',47732),(4618213,2,'2003-05-06 03:00:00','C.SAAVEDRA 680','','','','390423','GODOY CRUZ','5501',0,3,0,'','',224),(4641669,4,'2011-10-01 11:49:43','A.VILL','794','','','','CAPITAL','5500',1,0,3,'','',225),(4641699,4,'2010-12-02 12:11:34','Manuel a Saenz','1852','PB','1','4452713','','5519',1,5,16,'','',226),(4714721,1,'2013-12-20 19:21:11','A','','','','','','',2,0,1,'','',38481),(4714732,1,'2007-10-24 23:17:58','BESARES','853','','','','CHACRAS-CARRODILLA','5505',1,0,7,'','',227),(4748276,4,'2013-06-11 12:21:36','Jesús Nazareno','Mz C, Casa','','','15603301','','',1,1,2,'maris_1103@hotmail.com','',228),(4748718,0,'2013-04-05 23:01:14','A','','','','','','',2,0,1,'','',34447),(4754940,1,'2013-09-26 11:29:29','A. V.','794','','','02945466757','CAPITAL','5500',2,0,3,'','',37327),(4757948,1,'2004-03-03 11:17:03','Rodriguez','49','','','4316816','','',1,2,2,'','',229),(4757948,2,'2004-03-02 12:28:47','Rodriguez','49','','','4416816','','',1,2,2,'','',230),(4760931,1,'2010-05-21 23:08:19','EMILIO DESCOTTE','750','','','','CAPITAL','5500',1,0,3,'','',231),(4764954,1,'2015-03-30 15:23:37','AV','75','','','','CAPITAL','5500',2,0,3,'','',47163),(4785155,4,'2012-04-10 12:30:45','Paseo Dr. Emilio Descote','750','','','','','5500',1,2,1,'crono_779@hotmail.com','',232),(4787236,1,'2013-02-04 14:57:14','CHARCAS','2415','','','152051371','SAN JOSE - DORREGO','5519',1,0,6,'','',233),(4795698,2,'2003-05-06 03:00:00','PRIMITIVO DE LA RETA 877','','','','224123','CIUDAD','5500',0,3,0,'','',234),(4818398,7,'2014-03-26 23:48:54','Av. Vitacura D 1001','6256','','','','Santiago de Chile ','83200000',52,3,1,'uriarte.francisco@gmail.com','',41472),(4868500,1,'2007-08-02 21:52:17','EMILIO DESCOTTE','750','','','4202017','CAPITAL','5500',1,0,3,'','',235),(4868560,1,'2007-08-02 21:58:49','EMILIO DESCOTTE','750','','','4202017','CAPITAL','5500',1,0,3,'','',236),(4884466,1,'2012-08-09 13:36:10','LEMOS','691','4','1','','CAPITAL','5500',1,0,3,'','',237),(4893492,2,'2003-05-06 03:00:00','PE¥A Y LILLO 817','','','','262620','VILLA NUEVA-GUAYMALLEN','5519',0,3,0,'','',238),(4926406,4,'2011-11-07 19:43:19','GORRITI','M31 C12','','','4285005','VILLA HIPODROMO','5547',1,2,3,'editha_11_1@hotmail.com','',239),(4928265,1,'2011-03-09 21:30:00','25 DE MAYO','1843','','','155321897','CAPITAL','5500',1,1,1,'pdp_0518@hotmail.com','',240),(4928265,4,'2013-06-11 12:21:36','Mejico','2283','','','153374065','','',1,1,3,'pdp_0518@hotmail.com','',241),(4930724,2,'2003-05-06 03:00:00','M-8 C-18 2 B.CEMENTISTA','','','','','LAS HERAS','5539',0,3,0,'','',242),(4934862,4,'2010-08-19 20:25:47','ADOLFO CALLE','2750','','','4048758','SAN JOSE - DORREGO','5519',1,0,6,'','',243),(4962221,4,'2010-08-27 15:06:28','CALLE LSUIPACHA','769','','','156854685','CAPITAL','5500',1,0,3,'','',244),(4966557,2,'2007-12-12 13:12:59','San Martín','645','3','8','4291719-155193027','stelmarval@mixmail.com','5500',1,1,1,'stelmarval@hotmail.com','CUC - UNC (filosofia - educacion ) Intercultural',245),(4972403,1,'2007-07-27 20:15:07','EMILIO DESCOTTE','750','','','4202017','CAPITAL','5500',1,0,3,'','',246),(4977969,1,'2003-05-06 03:00:00','NECOCHEA 364 5P.DTO.B','','','','252860','CIUDAD','5500',0,3,0,'','',247),(4978186,1,'2014-09-27 12:48:20','A. VILLANUEVA','794','','','','CAPITAL','5500',2,0,3,'','',44322),(5044149,0,'2011-03-02 12:35:26','A.VILL','794','','','','CAPITAL','5500',1,0,3,'','',248),(5071593,1,'2012-07-31 20:33:45','BELTRAN','1555','','','5628677','GODOY CRUZ','5501',1,0,8,'','',249),(5092960,2,'2006-05-23 00:30:05','Olascoaga','278','','','423070','','5600',1,3,7,'','',250),(5095119,1,'2003-05-06 03:00:00','OZAMIS 582','','','','','MAIPU','5500',0,3,0,'','',251),(5095400,3,'2008-11-26 23:16:44','U-14 CERRO SAN LUIS','','','','','CHACRAS-CARRODILLA','5505',1,0,7,'','',252),(5099334,1,'2010-12-20 11:58:32','ZULOAGA','810','','','156332094','CAPITAL','5500',1,0,3,'','',253),(5099334,4,'2010-08-24 14:31:03','ZULUAGA','810','','','4291174','CAPITAL','5500',1,0,3,'','',254),(5129836,5,'2013-06-11 12:21:36','Mitre','1016','','','4455380','','5519',1,1,2,'','',255),(5130254,2,'2014-03-21 23:13:26','Julio A Roca ','177','','','155121062','','5500',1,3,1,'gladis_blanco@hotmail.com','',41344),(5145112,4,'2015-04-06 15:59:11','BELGRANO','487','','3','261-3863902','','5500',1,2,20,'perla.clarissa@hotmail.com','',47453),(5150964,4,'2015-02-02 14:30:23','RIVADAVIA','1286','','','4226281-2612584777','GODOY CRUZ','5501',1,0,8,'','',45346),(5158186,2,'2015-03-18 23:09:08','A','7','','','','CAPITAL','5500',1,0,3,'','',46674),(5158277,2,'2003-05-06 03:00:00','B.VIAJANTES S.RAFAEL 1147','','','','314150','GUAYMALLEN','5519',0,3,0,'','',257),(5168270,1,'2009-05-13 03:18:25','A.VILLANUEVA','794','','','','CAPITAL','5500',1,0,3,'','',258),(5172760,2,'2003-05-06 03:00:00','LESCANO 3935','','','','','GUAYMALLEN','5519',0,3,0,'','',259),(5173126,5,'2009-03-07 02:50:03','Reconquista','1532','','','4281331','','5501',1,5,9,'','',260),(5238366,4,'2010-09-02 20:47:22','Bº PALMARES, NAPOLES CASA 7 B','','','','02623-15211662','GODOY CRUZ','5501',1,0,8,'','',261),(5261250,1,'2012-05-21 21:37:25','EMILIO JOFRE','555','','','','CAPITAL','5500',1,0,3,'','',262),(5262418,3,'2003-05-06 03:00:00','SARMIENTO 60 9P.DTO.A','','','','243311','CIUDAD','5500',0,3,0,'','',263),(5262425,1,'2006-06-02 15:13:51','AGUSTIN ALVAREZ','823','','','4256537','CAPITAL','5500',1,0,3,'','',264),(5273134,1,'2007-08-09 13:40:31','Barrio CEC M3 C2 - Guaymallén - Mendoza','','','','4511280 - 155133900','','5521',1,1,2,'robertodelamarre@amet.com.ar','',265),(5273784,3,'2006-10-31 21:29:10','CAÑÑE DON FRANCISCO','4402','','','4962414','LUJAN DE CUYO','5507',1,0,7,'','',266),(5276867,5,'2015-03-30 14:16:46','AV','750','','','','CAPITAL','5500',2,0,3,'','',47080),(5281439,5,'2010-02-08 22:11:11','SAN LUIS','342','','','4259570','CAPITAL','5500',1,0,3,'','',267),(5281839,1,'2009-10-21 14:54:27','Maipu E','177','','','0264-4224449','','',3,1,1,'secretaria@ausonia.com.ar','',268),(5282020,1,'2015-03-30 14:37:07','A.V.','794','','','','CAPITAL','5500',2,0,3,'','',47111),(5296297,1,'2012-08-22 15:09:19','PATRICIAS MENDOCINAS','1912','','','261-6967589','CAPITAL','5500',1,0,3,'','',269),(5296854,1,'2011-02-21 23:08:23','PEDRO VARGAS','1137','','','4325258','SAN JOSE - DORREGO','5519',1,0,6,'','',270),(5296854,5,'2010-09-10 22:49:21','PEDRO VARGAS','1137','','','4325258','SAN JOSE - DORREGO','5519',1,0,6,'','',271),(5302958,2,'2010-05-11 11:56:17','ARISTÓBULO DEL VALLE','623','','4','','CAPITAL','5500',1,0,3,'','',272),(5316629,7,'2015-03-30 13:57:25','AV','750','','','','CAPITAL','5500',2,0,3,'','',47054),(5330069,1,'2015-03-30 16:14:42','AV','750','','','','CAPITAL','5500',2,0,3,'','',47200),(5330506,1,'2014-04-22 23:32:08','PATRICIAS MENDOCINAS','156','','','','GODOY CRUZ','5501',1,0,3,'','',42115),(5482369,1,'2012-03-28 13:11:10','Joaquin V Gonzales','316','','Ciuda','0261-4204676','Ninguna','5500',1,2,1,'micaelaroman4@hotmail.com','Ninguno',273),(5482371,2,'2003-05-06 03:00:00','R.ESCALADA Nø 1319','','','','','DORREGO-GUAYMALLEN','0',0,3,0,'','',274),(5529546,1,'2014-06-09 21:22:46','A','','','','','','',2,0,1,'','',42368),(5542234,1,'2014-03-21 23:50:46','','','','','5542234','','5500',1,3,1,'','',41356),(5542800,3,'2013-04-11 13:54:30','Almafuerte','338','','','0263-4492012 - 4440635','Junín','5573',1,1,10,'r_azor@yahoo.com;razor@telar.org;jesus.azor@um.edu.ar','Esc. Arboit - UM',34520),(5557250,2,'2003-05-06 03:00:00','NECOCHEA 911','','','','','GODOY CRUZ','0',0,3,0,'','',277),(5577364,1,'2003-05-06 03:00:00','','','','','','','0',0,3,0,'','',278),(5621551,1,'2014-05-21 13:28:48','1º Bº CEMENTISTA - RÍO LAS CUEVAS','1051','','','4372805','LAS HERAS','5539',2,0,7,'','',42231),(5644176,1,'2012-05-30 12:37:46','FRANCIA','967','','','','GODOY CRUZ','5501',1,0,8,'','',279),(5644328,2,'2003-09-04 03:00:00','Irusta y Furlotti','','','','4972241','','',1,2,9,'','',280),(5644396,1,'2015-03-30 13:45:34','A.V.','794','','','','CAPITAL','5500',2,0,3,'','',47036),(5659000,1,'2010-08-31 12:48:48','9 DE JULIO','921','2do','','4454822-155914127','CAPITAL','5500',1,0,3,'','',281),(5665063,2,'2003-05-06 03:00:00','J.J.PASO 648','','','','391374','GODOY CRUZ','5501',0,3,0,'','',282),(5674744,0,'2015-03-30 15:30:45','AV','750','','','','CAPITAL','5500',1,0,3,'','',47173),(5674744,7,'2015-03-30 15:33:43','AV','750','','','','CAPITAL','5500',2,0,3,'','',47176),(5674779,2,'2003-05-06 03:00:00','','','','','','','0',0,3,0,'','',283),(5674846,2,'2012-03-29 20:49:12','Peatonal Sarmiento','240','1','1','4203658-155870372','','5500',1,1,1,'','UDA',284),(5695805,1,'2003-05-06 03:00:00','LOS ALAMOS 287','','','','981653','LUJAN','5507',0,3,0,'','',285),(5709649,2,'2003-05-06 03:00:00','NECOCHEA 350- 3ø PISO- 1ø','','','','4200888','CIUDAD','5500',0,3,0,'','',286),(5711636,1,'2004-10-22 14:17:16','Liniers','261','','','4241426','','',1,2,3,'','',287),(5718729,2,'2008-12-20 09:23:30','CIUDAD DE CORDOBA','','','','','ETRURIA','2681',12,0,1,'','',288),(5723820,1,'2015-03-30 12:25:32','A.V.','794','','','','CAPITAL','5500',2,0,3,'','',46928),(5733039,1,'2006-04-21 20:32:08','LEONIDAS AGUIRRE','78','','','4381871','CAPITAL','5500',1,0,3,'','',289),(5742777,1,'2004-10-13 13:26:28','Granaderos','766','','','','','',1,2,7,'','',290),(5850557,5,'2010-02-15 23:49:11','Cubillos','3305','','','441142-441375 (Hogar San Martin de Tours)','','5600',1,1,7,'amicijulio@hotmail.com','',291),(5911229,1,'2003-05-06 03:00:00','','','','','','','0',0,3,0,'','',292),(5925437,0,'2013-03-18 20:35:07','CAYETANO SILVA','3067','','','4290514','CAPITAL','5500',1,0,3,'','',33874),(5940240,1,'2010-09-02 19:36:52','C.C.E. Y CASA PASAJE 6','92','','','02623-421179','SAN MARTIN','5570',1,0,4,'','',293),(5962559,1,'2003-05-06 03:00:00','RIVADAVIA 689','','','','242374','CIUDAD','5500',0,3,0,'','',294),(5981229,2,'2003-08-08 03:00:00','Cerro Nevado','1249','','','4520683','5º Bº Agua y Energia','5501',1,2,3,'magu@lanet.com.ar','',295),(5992956,1,'2007-08-09 14:38:05','Avda España','724','5º','B','4295722 -155884711','','5500',1,1,1,'susanafoscolo@yahoo.com.ar','',296),(5992956,2,'2008-02-22 23:57:43','','','','','4295722','','',1,1,1,'','',297),(6040103,1,'2007-08-06 13:18:10','MITRE','964','3','7','4295592','CAPITAL','5500',1,0,3,'','',298),(6051476,1,'2007-12-27 14:11:37','A.VILLANUEVA','794','','','','CAPITAL','5500',1,0,3,'','',299),(6060854,1,'2003-05-06 03:00:00','PASO DE LOS ANDES 1025- 5','','','','4295699','CIUDAD','5500',0,3,0,'','',300),(6061022,2,'2003-05-06 03:00:00','','','','','','','0',0,3,0,'','',301),(6061073,2,'2003-05-06 03:00:00','TACUARI 951-','','','','','GODOY CRUZ','0',0,3,0,'','',302),(6068605,1,'2010-09-01 15:02:53','ROSARIO  CASA 6 BARRIO BUCI','318','','','4210529','VILLA NUEVA','5521',1,0,6,'','',303),(6077987,1,'2015-03-19 20:53:06','12 DE OCTUBRE','1119','','','156624837','SAN JOSE - DORREGO','5519',2,0,4,'','',46704),(6078864,1,'2004-09-30 15:03:37','Perú','2108','','','4381470','','5500',1,2,1,'','',304),(6132477,1,'2015-03-27 14:15:23','MITRE','521','','','153338150','CAPITAL','5500',2,0,3,'','',46848),(6132762,1,'2007-09-03 14:25:54','SUIPACHA','898','','','154258994','CAPITAL','5500',1,0,3,'','',305),(6132764,1,'2012-04-11 13:21:43','SUIPACHA','898','','','4258994','CAPITAL','5500',1,4,23,'','',306),(6146649,1,'2010-10-13 15:02:52','PATRICIAS MENDOCINAS','170','','','4249545','GODOY CRUZ','5501',1,0,8,'','',307),(6157482,1,'2015-03-30 21:04:35','A','7','','','','CAPITAL','5500',1,0,3,'','',47298),(6163168,0,'2015-03-30 23:11:52','A','7','','','','CAPITAL','5500',1,0,3,'','',47344),(6163168,1,'2015-03-30 23:15:04','A','7','','','','CAPITAL','5500',2,0,3,'','',308),(6207930,1,'2013-05-07 13:08:09','AV. ARGENTINA','878','pb','f','','NEUQUEN','8300',2,0,10,'','',34676),(6220095,1,'2003-05-06 03:00:00','NECOCHEA 1335','','','','246421','GODOY CRUZ','5547',0,3,0,'','',309),(6220271,1,'2015-03-30 16:11:34','A.V.','794','','','','CAPITAL','5500',2,0,3,'','',47198),(6220275,1,'2015-03-30 16:09:45','A.V.','794','','','','CAPITAL','5500',2,0,3,'','',47196),(6237269,1,'2015-05-14 15:10:26','A','','','','','CAPITAL','5500',2,0,3,'','',47916),(6251267,1,'2004-03-04 14:02:43','Feliciano Gambarte','248','','','4244994','','',1,2,3,'','',310),(6257312,1,'2010-05-20 11:56:15','HONOR','1211','','','','CHACRAS-CARRODILLA','5505',1,0,7,'','',311),(6262467,1,'2013-09-11 13:49:00','Junín','55','6º','5','156151126-4497900','Barrio Bombal','5500',1,3,1,'aml1791@yahoo.com.ar','Mitre y Montevideo - Mediadora Judicial',37027),(6262477,1,'2006-06-02 15:18:44','USPALLATA','3024','','','4203035','GODOY CRUZ','5501',1,0,8,'','',313),(6262714,0,'2010-10-04 22:29:19','CERRO SOSNEADO','788','','','155400839','CAPITAL','5500',1,0,3,'','',314),(6262714,1,'2010-10-04 22:34:09','CERRO SOSNEADO','788','','','155400839','CAPITAL','5500',1,0,3,'','',315),(6263487,1,'2015-03-30 19:29:29','A.V.','794','','','','CAPITAL','5500',2,0,3,'','',47288),(6277990,1,'2013-07-22 19:43:20','','','','','','','',1,1,7,'rosaedita@hotmail.com','',35334),(6279979,1,'2007-09-13 13:44:10','Mitre','2485','','','4290935','CAPITAL','5500',1,2,1,'christa_beckmann@hotmail.com','',316),(6279979,4,'2007-02-05 14:37:49','MITRE','2485','','','156547809','CAPITAL','5500',1,0,3,'','',317),(6292295,1,'2003-05-06 03:00:00','OLASCOAGA 2295','','','','307153','CIUDAD','5500',0,3,0,'','',318),(6292421,1,'2003-05-06 03:00:00','GRANADEROS 2261','','','','250633','CIUDAD','5500',0,3,0,'','',319),(6295933,1,'2010-09-02 20:45:51','CONSTANCIO C. VIGIL','184','','','4975306','MAIPU','5515',1,4,9,'','',320),(6296646,1,'2014-11-28 23:08:17','A. VILLANUEVA','794','','','','CAPITAL','5500',2,0,3,'','',44848),(6299961,1,'2010-08-25 22:07:26','FRANCISCO DE LA RETA','937','','','4455292','SAN JOSE - DORREGO','5519',1,0,6,'','',321),(6373936,2,'2014-06-11 22:07:30','Viamonte','','','','-4960583','','',1,1,8,'alicia.palacio@um.edu.ar','153435119',42390),(6382186,2,'2003-05-06 03:00:00','P.IGLESIAS 2485, B.VISTA','','','','','GODOY CRUZ','5547',0,3,0,'','',323),(6393507,2,'2013-08-29 21:49:05','ABRAHAM LEMOS','3435','','','','CAPITAL','5500',1,0,3,'','',36662),(6393530,1,'2009-02-07 03:24:44','A.VILLAN-','794','','','','CAPITAL','5500',1,0,3,'','',324),(6393530,2,'2008-04-14 20:32:02','PASO DE LOS ANDES','434','','','02623-423415','SAN MARTIN','5570',1,0,4,'','',325),(6394676,1,'2008-09-15 22:39:22','MANZ-A CASA 9 1º Bº BELGRANO PALMIRA','','','','02623-461524','PALMIRA','5584',1,0,4,'','',326),(6399494,1,'2015-03-30 12:10:48','AV','750','','','','CAPITAL','5500',2,0,3,'','',46909),(6408141,4,'2012-08-01 13:40:59','Paeo Emilio Descote','750','','','','','5500',1,2,1,'laura.camlyg@gmail.com','',327),(6408462,7,'2015-03-30 21:51:10','AV','750','','','','CAPITAL','5500',2,0,3,'','',47323),(6408658,1,'2014-03-26 13:46:41','San Juan ','615','','','','','5500',1,3,1,'escribanasduo@yahoo.com.ar','',41412),(6414272,2,'2006-03-03 23:24:10','Izuel','381','','','426907','','5600',1,3,7,'','',329),(6415340,1,'2015-03-31 12:46:32','A','','','','','','',2,0,1,'','',47357),(6415487,1,'2012-10-16 22:00:23','BOUOGNE SUR MER','61','','','4286060','CAPITAL','5500',1,0,3,'','',330),(6415658,2,'2005-03-03 21:05:02','Peru','2485','5','57','4233282','','5500',1,2,1,'','',331),(6513699,0,'2013-04-10 12:38:13','A','794','','','','CAPITAL','5500',1,0,3,'','',34501),(6529664,1,'2015-03-31 14:04:58','A','','','','','','',2,0,1,'','',47368),(6556766,1,'2013-06-11 12:23:55','EMILIO MITRE','1053','','','434628','','5600',1,1,1,'','',35000),(6556824,1,'2006-12-21 14:45:16','Presidente Alvear','1065','','','02627-431786','','5600',1,4,7,'','',332),(6572825,1,'2008-07-29 22:16:48','A','','','','','CAPITAL','5500',1,0,3,'','',333),(6616950,1,'2003-05-06 03:00:00','ROSALES 305','','','','312977','DORREGO','5500',0,3,0,'','',334),(6647151,1,'2015-03-19 20:56:13','CUYO  BARRIO SANTA ANA','533','','','4264397','VILLA NUEVA','5521',2,0,4,'','',46709),(6647155,1,'2014-12-22 18:38:28','B° ALTA URQUIZA M. A - C. 11 ','','','','261-4607141','SAN FRANCISCO DEL MONTE','5523',1,2,2,'angelacannizzo@htomail.com','',45251),(6647198,1,'2015-03-30 14:19:52','A','7','','','','CAPITAL','5500',1,0,3,'','',47082),(6665597,1,'2003-05-06 03:00:00','GUTIERREZ 98','','','','1351','SAN MARTIN','5500',0,3,0,'','',335),(6665597,2,'2003-05-06 03:00:00','GUTIERREZ 98','','','','21351','SAN MARTIN','5500',0,3,0,'','',336),(6669664,1,'2010-08-25 22:13:54','VELEZ SARSFIELD','1207','','2','4318894','SAN JOSE - DORREGO','5519',1,0,6,'','',337),(6681556,1,'2006-02-13 20:40:31','LA PRIMAVERA-HUMBERTO  PRIMO','','','','5531','RODEO DE LA CRUZ','5525',1,0,6,'','',338),(6681556,4,'2013-06-11 12:21:37',' Reconquista s/n- La Primavera','','','','','','',1,1,9,'','',339),(6712118,1,'2010-08-27 13:59:01','Bº VILLA DEL SOL ,CASEROS','1138','','','4520644','GODOY CRUZ','5501',1,0,8,'','',340),(6712125,1,'2003-05-06 03:00:00','ARISTIDES VILLANUEVA 560','','','','203208','CIUDAD','5500',0,3,0,'','',341),(6716475,1,'2014-05-29 12:21:18','B°U.T.M.A. MZ-F CS','51','','','','VILLA NUEVA','5521',1,0,3,'','',42333),(6727201,1,'2003-05-06 03:00:00','','','','','','','0',0,3,0,'','',342),(6728680,1,'2015-03-30 13:26:03','A','7','','','','CAPITAL','5500',1,0,3,'','',47007),(6768433,0,'2013-03-13 20:43:08','A','794','','','','CAPITAL','5500',1,0,3,'','',33779),(6790896,1,'2010-05-06 22:56:10','Bº PALMARES MZ-I LOTE','15','','','','GODOY CRUZ','5501',1,0,8,'','',343),(6813234,1,'2007-05-21 21:22:23','LAVALLE','882','','','02652-423503','CIUDAD','5700',4,0,1,'','',344),(6832424,1,'2010-05-20 13:15:21','GODOY CRUZ','289','','','','SAN JOSE - DORREGO','5519',1,0,6,'','',345),(6859586,0,'2011-03-10 13:52:42','AAAA.','794','','','','CAPITAL','5500',1,0,3,'','',346),(6860153,1,'2010-05-03 15:45:21','MITRE','521','2','21-23','','CAPITAL','5500',1,0,3,'','',347),(6860559,1,'2012-10-01 13:26:16','F.MOYANO','2430','','','4203337','CAPITAL','5500',1,0,3,'','',348),(6860818,1,'2010-05-20 19:46:00','ISABEL LA CATOLICA','307','','','','CAPITAL','5500',1,0,3,'','',349),(6860818,3,'2010-05-21 22:13:20','EMILIO DESCOTTE','750','','','','CAPITAL','5500',1,0,3,'','',350),(6861861,1,'2010-05-03 15:41:18','SAN MARTIN','166','3','G','','CAPITAL','5500',1,0,3,'','',351),(6861863,1,'2014-09-25 12:04:10','A.V.','794','','','4294682','CAPITAL','5500',2,0,3,'','',44291),(6864404,1,'2014-03-07 15:14:26','Pascual Toso ','976','','','4454432- 155398889','CAPITAL','5500',1,3,1,'','',38060),(6868090,1,'2010-05-20 13:09:29','C. JUAN POBRE','524','','','','CAPITAL','5500',1,0,3,'','',352),(6869455,1,'2010-05-07 12:24:32','CIPOLETTI','1031','','','','SAN JOSE - DORREGO','5519',1,0,6,'','',353),(6869627,1,'2010-05-20 14:17:56','LOS OLMOS','1223','','','','GODOY CRUZ','5501',1,0,8,'','',354),(6872022,3,'2011-06-01 15:03:54','CLARK','730','','','','CAPITAL','5500',1,0,3,'','',355),(6873656,3,'2010-11-02 12:24:46','San Miguel','529','','','4301907','','',1,1,4,'sleguiza@um.edu.ar','',356),(6875556,1,'2010-05-20 13:30:04','BOULOGNE SUR MER','481','','','','CAPITAL','5500',1,0,3,'','',357),(6875569,3,'2005-11-09 21:53:16','','','','','156541324','','',1,1,1,'','Universidad Nacional de Cuyo - Ingeniería  4135005 - trabajo ITIEM',358),(6876491,3,'2010-05-11 23:29:49','BESARES','853','','','','CHACRAS-CARRODILLA','5505',1,0,7,'','',359),(6880087,1,'2010-05-03 15:48:25','ARISTOBULO DEL VALLE','623','0','4','','CAPITAL','5500',1,0,3,'','',360),(6880087,3,'2006-04-21 20:44:41','MATHUS HOYOS','5150','','','','LAVALLE - EL BERMEJO','5533',1,0,10,'','',361),(6880504,1,'2010-05-11 13:29:47','GUEMES','531','','','','SAN JOSE - DORREGO','5519',1,0,6,'','',362),(6881850,1,'2010-08-27 14:41:11','P. ALVEAR','471','','','4242422','GODOY CRUZ','5501',1,0,8,'','',363),(6884757,3,'2010-05-20 13:58:15','PELLEGRINI','1590','','','','SAN JOSE - DORREGO','5519',1,0,6,'','',364),(6886890,1,'2003-05-06 03:00:00','JUAN J. PASO 638','','','','','G. CRUZ','0',0,3,0,'','',365),(6888841,3,'2003-05-06 03:00:00','GRANADEROS 2647','','','','253863','--------CIUDAD-----------','5500',0,3,0,'','',366),(6889897,1,'2010-05-20 13:54:40','ESPAÑA','776','5','1','','CAPITAL','5500',1,0,3,'','',367),(6891543,3,'2003-05-06 03:00:00','','','','','','','0',0,3,0,'','',368),(6891813,3,'2011-06-01 20:05:17','CATAMARCA','182','2','','','CAPITAL','5500',1,0,3,'','',369),(6893201,1,'2015-03-18 23:08:48','A','7','','','','CAPITAL','5500',1,0,3,'','',46673),(6893279,1,'2010-11-09 18:42:18','San Lorenzo','727','1','2','4205245 - 153607496','','5500',1,1,1,'rodravid@yahoo.com.ar','DGR (asuntos técnicos)',370),(6894016,1,'2010-09-01 14:17:53','BELTRAN','2010','pb','8','4242723','GODOY CRUZ','5501',1,0,8,'','',371),(6895369,3,'2012-11-08 12:00:48','Cangallo','2495','','','4307000-155073030 - 152051742','','',1,1,1,'ingromanello@speedy.com.ar','Eltron - Empresa de electrificacion',372),(6896823,1,'2010-04-22 22:16:52','LIBANO','26','','','02623-442582','RIVADAVIA','5577',1,0,5,'','',373),(6896823,3,'2003-05-06 03:00:00','','','','','','','0',0,3,0,'','',374),(6897333,1,'2013-05-10 14:36:02','HUARPES','1852','','','','CAPITAL','5500',2,0,3,'','',34730),(6897375,1,'2007-10-05 16:35:00','Tucumán','557','','','4311232 - 4201615 - 155985317','Dorrego','5519',1,1,2,'enoya@fuesmen.edu.ar','FUESMEN',375),(6899340,1,'2010-05-20 14:41:02','PATRICIAS MENDOCINAS','3378','','','','CAPITAL','5500',1,0,3,'','',376),(6900073,1,'2011-05-06 23:07:27','JOAQUIN V. GONZALEZ','530','','','','CAPITAL','5500',1,0,3,'','',377),(6900403,3,'2003-05-06 03:00:00','BENAVENTE 819','','','','224435','GODOY CRUZ','5547',0,3,0,'','',378),(6900620,1,'2013-04-18 15:03:52','SAN LORENZO','722','4','','','CAPITAL','5500',2,0,3,'','',34558),(6901598,1,'2013-05-14 17:54:56','Comandante Fossa','298','','','4240227','','5500',1,3,1,'juanantoniozapata@gmail.com','',34745),(6902828,1,'2010-08-30 13:49:10','RIO PLOMO','871','','','4390834','GODOY CRUZ','5501',1,0,8,'','',380),(6903514,1,'2014-06-02 22:09:10','RIO SECO VIAMONTE','7681','','','','LUJAN DE CUYO','5507',143,2,29,'','',42346),(6903587,0,'2015-03-16 21:00:30','A','','','','','','',2,0,1,'','',46598),(6903587,1,'2015-03-16 21:01:43','HUARPES','456','','','2614201344','CAPITAL','5500',2,0,3,'','',46599),(6904802,6,'2015-02-10 20:08:24','ESMERALDA','6371','','','2615606677','VILLA NUEVA','5521',1,0,6,'','',45712),(6907172,1,'2014-11-07 22:25:43','BESARES','860','','','4963521','CHACRAS-CARRODILLA','5505',1,0,7,'','',44620),(6907434,3,'2013-10-03 13:33:08','CLARCK','227','','','','CAPITAL','5500',1,0,3,'','',37409),(6907513,1,'2013-03-11 13:06:18','Isabel la Católica','7','','','4241255 - 156619556','Bº Bombal','',1,1,1,'roberto.riba@um.edu.ar','',33637),(6908959,1,'2015-03-19 15:40:33','SUIPACHA','1340','','','4291076','GODOY CRUZ','5501',2,0,2,'','',46682),(6909946,1,'2003-05-06 03:00:00','B.JUDICIAL M-1 C-21','','','','','GODOY CRUZ','5501',0,3,0,'','',382),(6932294,1,'2013-02-07 13:26:16','Democracia','2190','','','4370117 -155867653','Bo. UJEMVI','5539',1,1,4,'mario.dominguez@um.edu.ar','UM- Prosecretario',383),(7202954,1,'2012-08-07 13:36:42','A.V.','794','','','','CAPITAL','5500',1,0,3,'','',384),(7572676,7,'2015-03-30 13:53:58','AV','750','','','','CAPITAL','5500',2,0,3,'','',47049),(7617050,3,'2006-02-13 21:12:40','','','','','4249092- 4973400','','',1,1,1,'crisguis@hotmil.com','Fecovita - Instituto San Pablo 155616100 156508309',385),(7625584,0,'2010-10-14 13:40:25','PADRE GAGLIARDI','3803','','','155086555','VILLA NUEVA','5521',1,0,6,'','',386),(7625584,1,'2010-10-14 13:42:47','PADRE GAGLIARDI','3803','','','155086555','VILLA NUEVA','5521',1,0,6,'','',387),(7626819,3,'2011-12-15 13:58:47','ALBERDI','1395','','','4454553','SAN JOSE - DORREGO','5519',1,0,6,'','',388),(7632835,4,'2014-03-12 15:00:08','ARIST.VILLANUEVA   INTERC.MEXICO','794','','','','CAPITAL','5500',1,0,3,'','',40837),(7633417,1,'2014-11-20 22:23:42','SAN ISIDRO Y TOLEDANO','S/N','','','','SAN RAFAEL','5600',2,0,9,'','',44792),(7647966,0,'2014-06-12 12:00:09','A','794','','','','CAPITAL','5500',1,0,3,'','',42391),(7647966,1,'2014-06-12 12:02:04','A.VILLANUEVA','794','','','','CAPITAL','5500',2,0,3,'','',42392),(7657883,4,'2012-04-10 12:17:40','PASEO EMILIO DESCOTE ','750','','','','','',1,2,1,'brujosufre@hotmail.com','',389),(7660982,0,'2014-02-10 13:37:34','PEDRO MOLINA','475','pb','8','154686586','CAPITAL','5500',1,0,3,'','',38951),(7660982,1,'2014-02-10 13:38:08','PEDRO  MOLINA','475','pb','8','154686586','CAPITAL','5500',1,0,3,'','',38950),(7669695,1,'2006-12-05 15:33:34','PTE ILLIA','36','3º','','02652435059','CIUDAD','5700',4,0,1,'','',390),(7695950,1,'2013-05-07 12:40:33','PRESIDENTE VICTORINO DE LA PLAZA','450','','','','GRAL ROCA','8324',2,0,15,'','',34672),(7803381,4,'2012-04-10 12:19:04','AV. ESPAÑA','1057','6','12','','','',1,2,1,'beds_cartoon@hotmail.com','',391),(7804196,1,'2010-05-19 22:50:41','JOAQUIN V.GONZALEZ','780','','','','CAPITAL','5500',1,0,3,'','',392),(7816591,3,'2007-09-10 13:57:05','XX','','','','','CAPITAL','5500',1,0,3,'','',393),(7840571,3,'2005-10-27 14:14:32','','','','','156548649  - 4224195','','',1,1,1,'','Palacio de Justicia',394),(7840595,1,'2003-05-06 03:00:00','','','','','','','0',0,3,0,'','',395),(7869158,4,'2012-04-10 12:21:19','Av. España','1057','6','12','','','5500',1,2,1,'k3ivonne_15@hotmail.com','',396),(7889037,1,'2015-03-30 13:56:44','A.V.','794','','','','CAPITAL','5500',2,0,3,'','',47053),(7889275,4,'2012-04-10 12:33:38','Paseo Dr. Emilio Descote','750','','','','','5500',1,2,1,'alexiamri_kikyou@hotmail.com','',397),(7889291,3,'2013-06-11 12:21:38','','','','','155030676','','',1,1,5,'','Gerente EDESTESA',34949),(7889889,1,'2015-05-15 12:20:00','A','','','','','CAPITAL','5500',2,0,3,'','',47945),(7942894,1,'2012-06-15 18:20:05','Callejón Comunero y Río Grande','s/n','','','153144500','Chacras de Coria','',1,1,8,'maescu44@hotmail.com; miguel.escudero@um.edu.ar','UNC-Colegio Arboit',398),(7945898,1,'2010-09-03 15:12:46','MARTINEZ DE ROSAS','1150','','','4256341','CAPITAL','5500',1,0,3,'','',399),(7945981,3,'2014-06-24 16:02:21',' Bo. Jardin Village - San Isid','Manzana C','','','4440437 - 02615079940','','5539',1,1,4,'siliciogarcia@gmail.com','UTN',42610),(7998550,1,'2010-08-24 21:10:00','PERU','744','','','4292303/156514803','CAPITAL','5500',1,0,3,'','',401),(8015408,1,'2014-05-29 12:31:39','LOTEO CPBM','15','','','','CHACRAS-CARRODILLA','5505',1,0,3,'','',42334),(8024678,1,'2015-03-30 16:16:54','DESCOTTE','750','','','','CAPITAL','5500',1,0,3,'','',47202),(8027287,1,'2003-05-06 03:00:00','ALEN 547','','','','241184','CIUDAD','5500',0,3,0,'','',402),(8029242,1,'2014-05-26 15:40:19','Paul Harris','1027','7','1','4391115 - 155089847','','5501',1,1,3,'','',42294),(8029242,3,'2014-05-20 11:42:28','PAUL HARRIS - MAGDALENA','1027','7','1','4391115-155089847','GODOY CRUZ','5501',1,0,8,'','',42228),(8032292,1,'2006-11-16 11:58:26','Champagnat','230','','','422337','','5600',1,1,7,'','',403),(8035809,1,'2015-03-30 14:37:03','AV','750','','','','CAPITAL','5500',2,0,3,'','',47110),(8107096,0,'2015-03-17 14:17:43','A','','','','','','',2,0,1,'','',46614),(8107096,1,'2015-03-17 14:19:19','ALBERDI','1112','','','4456294','SAN JOSE - DORREGO','5519',2,0,4,'','',46615),(8140803,1,'2014-05-29 12:36:03','ALEJANDRO VOLTA','727','','','','GODOY CRUZ','5501',1,3,1,'','',42335),(8141258,1,'2003-05-06 03:00:00','M.LLC.22 B.JUDICIAL------','','','','','GODOY CRUZ---------------','5500',0,3,0,'','',404),(8141469,1,'2010-05-20 13:56:28','LA PLATA','977','','','','GODOY CRUZ','5501',1,0,8,'','',405),(8144957,3,'2005-07-08 15:17:29','Kingsrade Lane','13615','','','','','77079',10,1,1,'','',406),(8145031,1,'2012-10-10 22:41:21','CLARK','288','pb','3','155085685','CAPITAL','5500',1,0,3,'','',407),(8145789,1,'2007-08-09 14:08:06','Bailen','1110','','','4310443 - Fa 4253274','','5521',1,1,2,'stoppini@cpsarg.com.ar','',408),(8146154,3,'2012-03-27 12:50:42','Perito Moreno','2384','','','4391582 - 155714900','','5501',1,1,3,'pedrosuarez@speedy.com.ar; pedro.suarez@um.edu.ar','UM- Empresa Familiar de cattering',409),(8146640,1,'2012-09-05 21:59:25','OLEGARIO V.ANDRADE','148','','','','LAS HERAS','5539',1,0,1,'','',410),(8148616,1,'2003-05-06 03:00:00','','','','','','','0',0,3,0,'','',411),(8149276,1,'2013-06-11 12:21:38','Cervantes ','1545','','','','','',1,1,3,'','',412),(8149382,1,'2009-12-07 17:03:39','Cerro Nevado','1145','','','4520542 - 156459404','','5501',1,1,3,'acuello@frm.utn.edu.ar','UTN',413),(8151460,3,'2011-04-26 21:21:47','Pedro B. Palacios','378','','','4242450','','5500',1,1,1,'raul.funes@um.edu.ar','UM',414),(8151614,1,'2013-05-31 15:00:01','CERVANTES','1629','','','','GODOY CRUZ','5501',1,0,8,'','',34901),(8151614,3,'2013-05-31 14:49:46','CERVANTES','1629','','','','GODOY CRUZ','5501',1,0,3,'','',415),(8151737,3,'2014-05-29 19:12:41','Jacinto Benavente','834','','','4522963 -156262229','Bo Decavial','5501',1,1,3,'horacio.suarez@um.edu.ar','',42339),(8152278,1,'2013-04-23 20:13:24','LEANDRO N. ALEM','37','','','','CAPITAL','5500',2,0,3,'','',34587),(8152535,1,'2014-05-29 12:41:48','B°PARQUE SUR MZ-32 CS','6','','','','GODOY CRUZ','5501',1,3,1,'','',42336),(8153021,1,'2010-09-13 20:51:37','ARISTIDES VILLANUEVA','794','','','','CAPITAL','5500',1,0,3,'','',417),(8153457,1,'2010-09-03 14:08:24','Bº FURLOTTI, ZAINA','106','','','155094687','MAIPU','5515',1,0,2,'','',418),(8153462,1,'2015-03-30 23:17:21','A','7','','','','CAPITAL','5500',1,0,3,'','',47345),(8153868,3,'2012-09-27 18:38:20','JACINTO BENAVENTE','587','','','4527246','GODOY CRUZ','5501',1,0,8,'','',419),(8154630,3,'2009-09-18 08:37:30','Azcuénaga','1451','','','4312323- 155464499','','5521',1,1,2,'cirigo@uncu.edu.ar','Oeste Embotelladora Pepsi',420),(8155207,3,'2013-08-03 12:18:42','GRAL. ALVEAR','1340','','','','GODOY CRUZ','5501',2,0,2,'','',35606),(8155306,1,'2009-08-13 23:51:31','Vicente López','510','','','4963285 - 155085551','La Puntilla','5507',1,1,8,'eduardomuniz@tutopia.com','Dir. Transporte Goberno de Mendoza',421),(8155716,3,'2013-10-03 13:59:45','RODRIGUEZ','29','','4','','CAPITAL','5500',1,0,3,'','',37410),(8157075,3,'2010-06-10 20:38:19','Entre Ríos','538','','','4256403 - 44304905 - 155078299','','5500',1,2,1,'','',422),(8157116,3,'2010-05-07 13:08:55','A.V.','794','','','','CAPITAL','5500',1,0,3,'','',423),(8157124,1,'2015-03-30 22:43:50','A','7','','','','CAPITAL','5500',1,0,3,'','',47338),(8157558,1,'2010-08-25 22:09:43','PERU','2788','','','4306550/155561083','CAPITAL','5500',1,0,3,'','',424),(8157563,1,'2010-08-31 22:28:12','ITALIA','838','','','4381153','CAPITAL','5500',1,0,3,'','',425),(8158295,1,'2010-05-20 19:31:48','CAYETANO SILVA','3348','','','','CAPITAL','5500',1,0,3,'','',426),(8158318,1,'2013-08-26 14:07:24','MONSEÑOR VERDAGUER','470','','','4237084-155269162','CAPITAL','5500',2,0,3,'','',36467),(8158620,1,'2013-03-07 11:43:09','Chubut','2816','','','4231998 - 156392926','','5500',1,1,1,'rosflors@yahoo.com','Esc.Manzotti - UM',427),(8159639,1,'2003-05-06 03:00:00','SAL JUAN 954-Bø PALMERO','','','','924249','LUJAN DE CUYO','5507',0,3,0,'','',428),(8179088,3,'2014-12-03 13:45:45','A','7','','','','CAPITAL','5500',1,0,3,'','',44894),(8200126,1,'2014-06-23 14:37:23','A.V.','794','','','261-3346722','CAPITAL','5500',2,0,3,'','',42545),(8282072,1,'2010-09-02 13:30:19','BESARES','755','','','4963129','CHACRAS-CARRODILLA','5505',1,0,7,'','',429),(8324117,1,'2003-05-06 03:00:00','MADAME CURIE 6335','','','','232923','LAS HERAS','5539',0,3,0,'','',430),(8324297,3,'2012-02-16 15:03:11','MINUZZI','82','','B','','GODOY CRUZ','5501',1,0,8,'','',431),(8324728,3,'2003-05-06 03:00:00','','','','','','','0',0,3,0,'','',432),(8342288,3,'2004-04-22 23:19:02','Alvear','900','','','4282280','Villa Hipódromo','5501',1,1,3,'','Empresa Transporte',433),(8342387,3,'2008-09-02 18:01:01','Rosales','45','2do Piso','Dpto5','4314591-156504781','Dorrego','5519',1,1,2,'daniel.hidalgo@um.edu.ar','ITU - Empresa personal',434),(8354217,1,'2015-03-30 21:39:51','A','7','','','','CAPITAL','5500',2,0,3,'','',47316),(8354438,1,'2013-10-10 16:59:18','A.V.','7954','','','','CAPITAL','5500',1,0,3,'','',37477),(8368486,1,'2009-12-01 13:56:56','Manz-6','2','3','cdad','4444461','naci el 17-11-50','5500',1,3,1,'albertoraulcamargo@yahoo.com','',435),(8435696,1,'2013-03-07 12:53:40','B°CHAMPAGNAT S/N D3','3','','','','CAPITAL','5500',1,0,3,'','',436),(8435696,3,'2013-11-18 21:22:18','Bo. Champagnat D-3','136','','','4241215 - 156624911','Pasaje Benegas136','5500',1,1,1,'ingpolizzi@yahoo.com.ar','Colegio Pablo Nogués- puede ser 156624911 4241636',37920),(8456311,1,'2003-05-06 03:00:00','SALTA 835 2P.DTO.18','','','','273894','CIUDAD','5500',0,3,0,'','',438),(8456400,0,'2015-04-07 22:19:17','A','','','','','','',2,0,1,'','',47531),(8456400,1,'2015-04-07 22:20:26','PATRICIAS MENDOCINAS','247','','','4241373-155016396','CAPITAL','5500',2,0,3,'','',47532),(8457952,3,'2007-10-03 15:47:56','Arizu','74','','','156511385','','5501',1,1,3,'jdaquirre@speedy.com.ar','Freelance - Obras electricas MATension Representante Pirelli Cables',439),(8469443,1,'2013-06-11 12:21:40','Cacheuta','702','','','4303133 -4525118-155157908','','5501',1,1,3,'josecorrenti@yahoo.com.ar','',440),(8470222,1,'2010-10-08 22:07:09','Carril Gomez','18','','','4978850 - 155114803','','',1,1,9,'juan.girotti@um.edu.ar','HCD Mza -UM',441),(8488845,1,'2003-05-06 03:00:00','MATHUS HOYOS 1079','','','','308511','LAS HERAS','5539',0,3,0,'','',442),(8512074,3,'2003-05-06 03:00:00','','','','','','','0',0,3,0,'','',443),(8512640,1,'2006-08-28 23:55:41','','','','','0261-4372663','0261155035954','5500',1,3,7,'','',444),(8512925,1,'2003-05-06 03:00:00','','','','','','','0',0,3,0,'','',445),(8513162,1,'2015-03-30 15:37:00','A.V.','794','','','','CAPITAL','5500',2,0,3,'','',47180),(8513961,1,'2012-06-27 13:48:25','LAPRIDA','319','','','4296039','LUJAN DE CUYO','5507',1,0,7,'','',446),(8531205,1,'2013-05-07 12:47:35','ROCA','1670','','','','GRAL ROCA','8324',2,0,15,'','',34673),(8759646,1,'2014-06-24 21:10:34','Baltazar Villalobos','1111','','B','9-2826580-02-25561531','','',52,3,1,'janet_sersen@yahoo.com','',42617),(8759646,7,'2014-03-14 19:05:08','JUAN B. JUSTO','','','','9282-6580','CAPITAL','5500',2,0,3,'','',41005),(8794526,1,'2006-05-19 20:02:33','LAFOREST','276','','','','CAPITAL','5500',1,0,3,'','',447),(8932730,5,'2007-09-03 15:23:57','A.VILLANUEVA','794','','','','CAPITAL','5500',1,0,3,'','',448),(9058597,1,'2015-03-16 20:48:33','9 de Julio ','1230','','','261-156344828','','',1,3,1,'lukemusto@hotmail.com','',46597),(9086073,0,'2014-04-07 20:39:26','A','7','','','','CAPITAL','5500',1,0,3,'','',41650),(9235471,0,'2014-08-20 22:52:26','FERNANDO FADER','330','','','4242372','GODOY CRUZ','5501',1,0,8,'','',43247),(9326833,0,'2012-02-29 22:04:47','A','794','','','','CAPITAL','5500',1,0,3,'','',449),(9971872,7,'2014-02-03 21:49:09','Las Perdices ','9174','','','','La Florida ','8240000 ',52,3,1,'carochateaux@hotmail.com','',38679),(10029872,1,'2013-07-23 18:27:35','Sergio Boggian','4046','.','.','02644265775','Bº La Cabaña','5400',3,2,1,'iblasco_2000@yahoo.com','',35335),(10036589,1,'2010-09-01 22:06:34','RUFINO ORTEGA','2183','','','4978581','LUZURIAGA-COQUIMBITO','5513',1,0,2,'','',450),(10036613,1,'2013-06-24 14:48:01','emilio civit (juan jose paso )','2002','','','-154543528','barrio pinar del sol mc  casa 23 - carrodilla ','',1,1,8,'roberto.campoy@um.edu.ar','Coop Eléctrica Godoy Cruz 4494683',35241),(10036854,1,'2012-11-02 14:52:37','Sargento Cabral','480','','','155449509 - 4204943','','',1,1,1,'augusto.raffaelli@um.edu.ar, auraff52@yahoo.com.ar','Rectorado',452),(10036854,3,'2011-11-29 13:57:11','Sargento Cabral','480','','','155449509 - 4204943','','',1,1,1,'agusto.raffaelli@um.edu.ar, auraff52@yahoo.com.ar','Rectorado',453),(10039180,1,'2009-05-20 00:37:15','Guataquil','329','','','4244493 - 155077681','','5500',1,1,3,'ecastella2000@yahoo.es','UNC-UM',454),(10039262,1,'2015-04-01 17:23:16','A.V','794','','','','CAPITAL','5500',2,0,3,'','',47406),(10039284,1,'2004-10-13 14:04:43','Norton','167','','','4983664','','',1,2,8,'','',455),(10039286,1,'2010-08-26 22:09:02','JUAN B. JUSTO','356','','','155018109','MAIPU','5515',1,0,2,'','',456),(10040070,1,'2006-05-20 13:30:59','SOBREMONTE','6487','','','4291632','CAPITAL','5500',1,0,3,'','',457),(10040455,1,'2013-06-11 12:23:55','FRANCISCO CEJAS','1719','','','432399','','5600',1,1,1,'','',458),(10040904,1,'2010-08-27 14:31:34','EHEVERRIA','703','','','154716981','TUNUYAN','5560',1,0,12,'','',459),(10041270,1,'2004-10-01 20:59:37','Belgrano','990','','','4381841','','5500',1,3,1,'','',460),(10041291,7,'2015-03-30 13:46:28','AV','750','','','','CAPITAL','5500',2,0,3,'','',47037),(10047766,1,'2013-05-07 12:50:17','ROCA','1670','','','','GRAL ROCA','8324',2,0,15,'','',34674),(10084078,0,'2013-03-15 21:01:42','A','794','','','','CAPITAL','5500',1,0,3,'','',33848),(10101010,1,'2006-11-10 12:50:58','A.VILLANUEVA','794','','','','CAPITAL','5500',1,0,3,'','',461),(10130694,1,'2003-04-29 03:00:00','Av. Mitre','3800','','','442494','','5600',1,2,15,'','',462),(10168938,1,'2015-03-31 12:16:35','A.V.','794','','','','CAPITAL','5500',2,0,3,'','',47352),(10174595,1,'2010-10-22 20:14:56','ARISTIDES VILLANUEVA','794','','','','CAPITAL','5500',1,2,1,'','',463),(10185651,1,'2015-03-30 13:43:27','A.V.','794','','','','CAPITAL','5500',2,0,3,'','',47032),(10206004,1,'2004-06-23 15:37:35','Day','956','','','421941','','5600',1,1,7,'','',464),(10206593,1,'2013-09-24 22:39:36','Cerro Catedral M 34 C 3','','','','4448023','Barrio Dalvian','5500',1,3,1,'mzavattieri@jus.mendoza.gov.ar','',37297),(10206663,1,'2004-06-23 15:41:02','Avellaneda','581','','','433840','','5600',1,1,7,'','',466),(10207413,1,'2015-03-30 12:47:23','A','7','','','','CAPITAL','5500',1,0,3,'','',46961),(10207523,1,'2010-09-06 14:51:56','PEDERNERA','752','','','4456605','SAN JOSE - DORREGO','5519',1,0,6,'','',467),(10212633,1,'2003-05-06 03:00:00','SAN JUAN DE DIOS 1055 D-4','','','','','CIUDAD','5500',0,3,0,'','',468),(10222686,1,'2003-09-11 03:00:00','Santos Vega','120','','','4960089','Chacras de Coria','',1,2,8,'','',469),(10223991,1,'2012-09-20 21:34:40','A.VILL','794','','','','CAPITAL','5500',1,0,3,'','',470),(10252114,1,'2005-05-17 23:20:15','Emilio Civit','144','3','','4298129','','5500',1,2,1,'','',471),(10270615,1,'2004-10-26 14:44:57','Libertador Sur','45','','','4982619','','',1,2,8,'','',472),(10271205,1,'2014-08-08 17:09:00','Patagones','3431','','','154542506-4265942','Villa Nueva','5521',1,1,2,'hugo.biritos@um.edu.ar','EDESTESA -UM',42860),(10271276,1,'2007-09-20 14:05:34','NECOCHEA','525','','','4255533','CAPITAL','5500',1,3,1,'','',474),(10271337,1,'2010-05-20 11:53:56','JUAN B. JUSTO','125','','','','CAPITAL','5500',1,0,3,'','',475),(10271469,1,'2003-05-06 03:00:00','JUAN B. JUSTO 264','','','','257144','CIUDAD','5500',0,3,0,'','',476),(10271660,1,'2006-05-08 13:11:26','Martinez de Rosas','34','PB','02','4287045','','5500',1,2,1,'mchaardecor@hotmail.com','',477),(10272050,1,'2004-10-22 14:20:31','Reconquista','40','','','','','',1,2,3,'','',478),(10273486,1,'2003-05-06 03:00:00','J.V.GONZALEZ 2780','','','','','GUAYMALLEN','5519',0,3,0,'','',479),(10273697,1,'2003-05-06 03:00:00','RIO NEGRO 2121','','','','','CIUDAD','5500',0,3,0,'','',480),(10274498,1,'2006-02-01 20:54:16','Bo Senderos de Campo Km11','1250','','','4913205 - 154190793','Rodeo de la Cruz','',1,1,2,'akoleda@speedy.com.ar','UM - FCEUNC',481),(10274974,1,'2012-08-22 13:25:29','ZIZZIAS','798','','','','GODOY CRUZ','5501',1,0,8,'','',482),(10274992,1,'2013-08-30 11:55:22','Ricardo Tudela','41','','','4395831 ','','5501',1,1,3,'jose.quero@um.edu.ar; joselquero@yahoo.com.ar','UM',36683),(10275779,1,'2010-05-20 19:39:22','VELEZ SARFIELD','1465','','','','SAN JOSE - DORREGO','5519',1,0,6,'','',484),(10275991,1,'2004-10-06 22:36:59','Arjonilla','105','','','02623 420310','','',1,2,5,'','',485),(10284044,4,'2013-03-18 19:19:42','Laboulaye','1455','','','4314367','','5519',1,5,16,'betty_montesclaro@hotmail.com','',33868),(10286942,4,'2013-03-18 19:27:26','Laboulaye','1455','','','4314367','','5519',1,5,16,'juan_carlos_estrada_14@hotmail.com','',33869),(10287017,4,'2013-03-18 19:15:42','Laboulaye','1455','','','4314367','','5519',1,5,16,'deniss_1207@hotmail.com','',33867),(10303469,0,'2013-04-09 22:10:47','A','794','','','','CAPITAL','5500',1,0,3,'','',34498),(10331107,1,'2003-09-02 03:00:00','Godoy Cruz','566','','','4453720','','',1,2,2,'','',486),(10350251,1,'2006-06-16 19:42:56','RONDEAU','169','','','4299782','CAPITAL','5500',1,0,3,'','',487),(10350275,1,'2011-10-18 15:21:29','Alzaga','5521','','','153653754','Chacras de Coria','5505',1,1,8,'rafboschi@yahoo.com','Repsol YPF -UM',488),(10352110,1,'2015-03-31 21:51:40','IRIGOYEN','403','','','4247421','CAPITAL','5500',2,0,3,'','',489),(10366548,1,'2011-06-07 14:13:25','Bo. Raíz II - Mzana C Casa 2','','','','(ITU) 4494078  int. 2196','El Challao','5539',1,1,4,'','ITU - Redes',490),(10378299,1,'2015-03-30 13:53:15','A.V.','794','','','','CAPITAL','5500',2,0,3,'','',47047),(10427876,1,'2010-05-28 19:23:17','Bº INFANTA M 22 C 13','0','','','','LAS HERAS','5539',1,0,1,'','',491),(10432982,1,'2003-05-06 03:00:00','CALDERON S/N, CAS.CORR.14','','','','','TUNUYAN------------------','0',0,3,0,'','',492),(10451049,1,'2015-03-31 12:18:47','A.V.','794','','','','CAPITAL','5500',2,0,3,'','',47354),(10456646,1,'2012-05-02 11:46:43','ITALIA','4618','','','4217676','VILLA NUEVA','5521',1,2,2,'','',493),(10456872,1,'2013-06-26 16:52:35','San Gabriel','31','','','4397146 - 156598642','Bo. parque','5501',1,1,3,'carlos.tomba@tween.com.ar','Irrigación',35254),(10460901,7,'2014-03-21 23:21:19','Valentin Letelier Ed. B oficina 307','1373','','','56998217298','','',52,3,1,'jcampos@bufetabogados.cl','',41346),(10467792,1,'2009-02-06 08:42:38','Las Cañas','1950','','','4310471','','5519',1,3,2,'','',494),(10474725,1,'2010-08-27 20:47:31','CHILE','709','','','4446143','CAPITAL','5500',1,0,3,'','',495),(10481374,1,'2015-03-19 20:58:17','VICENTE GIL','647','','','4201674','CAPITAL','5500',2,0,3,'','',46710),(10481548,1,'2010-09-08 14:27:56','COMANDANTE ESPORA','773','','','4324893','SAN JOSE - DORREGO','5519',1,0,6,'','',496),(10481675,1,'2011-09-19 15:07:59','','','','','5429600 - 156709247','','',1,1,1,'gsevillla@sgconsultores.com.ar; guillermo.sevilla@um.edu.ar','',497),(10482208,1,'2009-02-14 09:36:10','Base Marambio','1521','','','4930540','','5513',1,3,9,'','',498),(10482224,1,'2015-03-30 15:30:56','A.V.','794','','','','CAPITAL','5500',2,0,3,'','',47175),(10509515,1,'2015-03-30 14:35:18','AV','750','','','','CAPITAL','5500',2,0,3,'','',47106),(10509595,1,'2009-04-23 09:55:38','JAVIER MORALES','2572','','','4398600','GODOY CRUZ','5501',1,0,8,'','',499),(10525331,1,'2003-05-06 03:00:00','SARMIENTO 60 9P.DTO.A','','','','203311','CIUDAD','5500',0,3,0,'','',500),(10540365,1,'2003-05-06 03:00:00','CHILE 755 1P.DTO.11','','','','304013','CIUDAD','5500',0,3,0,'','',501),(10543513,1,'2014-05-27 13:35:25','Junin','55','4','5','','Barrio Bombal','5500',1,3,1,'','',42308),(10546072,1,'2012-02-15 21:39:28','AVELLANEDA','555','','','','SAN RAFAEL','5600',1,0,9,'','',503),(10556552,0,'2012-02-15 12:43:57','A','794','','','','CAPITAL','5500',1,0,3,'','',504),(10558526,1,'2007-10-24 23:26:39','LINIS','575','','','','GODOY CRUZ','5501',1,0,8,'','',505),(10558552,0,'2012-02-15 12:39:21','A.','794','','','','CAPITAL','5500',1,0,3,'','',506),(10558673,1,'2009-05-06 01:27:33','Perú','2419','PB','2','4298785 - 154178490','','5500',1,1,1,'ana_occelli@yahoo.com.ar','',507),(10561725,1,'2010-08-24 15:08:06','LOS OLIVOS','433','','','','LAS HERAS','5539',1,4,4,'','',508),(10561743,1,'2002-04-26 03:00:00','9 de Julio','3094','','','','','5500',1,1,1,'','',509),(10561834,1,'2010-10-20 14:23:09','PARANA','822','','','','CAPITAL','5500',1,0,3,'','',510),(10561946,1,'2015-03-30 14:15:02','A','7','','','','CAPITAL','5500',1,0,3,'','',47077),(10561994,1,'2003-05-06 03:00:00','BARRIO UJEMVI MZ. 21 -C.6','','','','307511','LAS HERAS','5539',0,3,0,'','',511),(10564003,1,'2012-09-20 13:38:39','LAS COLINAS','205','','','4445939-155119772','CAPITAL','5500',1,0,3,'','',512),(10564081,1,'2012-06-13 12:33:53','A.V.','794','','','','CAPITAL','5500',1,0,3,'','',513),(10564106,1,'2009-08-05 05:15:52','Cerro Fundición - Manzana 4 Casa 34','','','','4446744','Bo. Dalvian','5500',1,1,1,'salvador.navarria@um.edu.ar','UM-Decano - HCD Mendoza',514),(10564289,1,'2003-05-06 03:00:00','HUARPES 270','','','','249245','CIUDAD','5500',0,3,0,'','',515),(10564397,1,'2011-04-19 21:27:41','Emilio Jofré','252','','','4202744- 156524409','','5500',1,1,1,'rmcerutti@itcsa.net, roberto.cerutti2@speedy.com.ar','',516),(10564526,1,'2003-05-06 03:00:00','','','','','','','0',0,3,0,'','',517),(10564793,1,'2015-04-07 20:36:11','BELGRANO','1151','2','b','4238918-4200423','CAPITAL','5500',2,0,3,'','',47528),(10564801,1,'2010-03-29 15:43:10','Cap. de Fragata Moyano','447','','','4241837','','5500',1,1,1,'marcelobiritos@gmail.com','UM',518),(10564973,1,'2003-05-06 03:00:00','JACARANDA 7431-LA PUNTIL.','','','','392432','LUJAN DE CUYO','0',0,3,0,'','',519),(10569890,1,'2012-10-22 13:23:05','Bo Dalvian  - (El Sauce 97 loteo Don Carlos - Vistalba  - Lujan de Cuyo)','Mnza 44 -C','','','4987608 -  154694688',' 154694688','',1,1,1,'marylinares53@yahoo.com.ar','',520),(10586133,1,'2014-02-03 23:50:45','Olascoaga','1615','','','155878098','MAIPU','5500',1,3,1,'cristioctubre@yahoo.com.ar','',38705),(10599270,1,'2003-05-06 03:00:00','PATRICIAS MENDOCINAS 68','','','','421371','SAN MARTIN','5570',0,3,0,'','',522),(10599429,7,'2015-03-30 22:45:31','A','750','','','','CAPITAL','5500',2,0,3,'','',47339),(10602821,1,'2003-08-28 03:00:00','BøSOEVA II- M.R- CASA 13','','','','4520746','','5501',1,3,3,'','',523),(10651809,0,'2013-10-10 21:18:04','A','','','','','','',2,0,1,'','',37494),(10651809,1,'2013-10-10 21:18:52','A. VILLANUEVA','794','','','','CAPITAL','5500',2,0,3,'','',37495),(10655018,1,'2014-04-24 14:16:15','CLARK','450','','','','CAPITAL','5500',1,4,23,'','',42128),(10655071,1,'2004-10-13 13:35:27','Juan Jose Paso','107','','','4360229','','',1,2,8,'','',524),(10655195,1,'2015-03-30 15:34:41','A.V.','794','','','','CAPITAL','5500',2,0,3,'','',47178),(10655201,1,'2006-12-26 20:02:51','Y','','','','','GODOY CRUZ','5501',1,0,8,'','',525),(10702546,1,'2013-06-11 12:21:42','Saturnino Laspiur','s/n','','','0264-4221412','','5400',3,1,1,'ingjorgeaguilera@hotmail.com','',34950),(10702640,1,'2010-09-03 20:35:27','LAGUNA NIÑA ENCANTADA','2130','','','5243668','GODOY CRUZ','5501',1,0,8,'','',526),(10723036,1,'2003-07-10 03:00:00','Portela','1293','','','0351-4819112','','5509',5,1,1,'jcompagnucci@arnet.com.ar','TELECOM',527),(10723263,1,'2012-08-07 13:55:09','A.V.','794','','','','CAPITAL','5500',1,0,3,'','',528),(10730086,1,'2015-05-08 19:33:23','A','','','','','CAPITAL','5500',2,0,3,'','',47884),(10730144,1,'2010-08-24 15:54:19','Dorrego','2480','','','4317140 - 155078815','Dorrego','5519',1,1,2,'jorge.martinez@um.edu.ar','UM - Municipalidad Luján',529),(10730265,1,'2011-04-25 19:56:40','','','','','','','',1,2,1,'ceciliaines_rousselle@hotmail.com.ar ','',530),(10730575,1,'2012-09-05 21:55:04','CASTELLANI','36','','','','GODOY CRUZ','5501',1,0,8,'','',531),(10731447,1,'2010-08-20 21:33:34','ANZORENA','422','','','4246945','GODOY CRUZ','5501',1,0,8,'','',532),(10738467,1,'2007-11-08 18:26:36','Espejo','420','','','4974102 155659542 156022537','','5513',1,1,9,'edgardoconti@hotmail.com','',533),(10738563,1,'2003-05-06 03:00:00','URQUIZA 3091','','','','4973090','COQUIMBITO- MAIPU','5513',0,3,0,'','',534),(10759016,1,'2010-11-17 13:19:41','MENDOZA','909 ( sur ','','','0264/4225257','CIUDAD','5400',3,0,3,'','',535),(10763426,1,'2012-08-22 15:16:57','PATRICIAS MENDOCINAS','1912','','','','CAPITAL','5500',1,0,3,'','',536),(10763553,1,'2003-05-06 03:00:00','F.DE LA RETA 945','','','','258503','SAN JOSE-GUAYMALLEN','5519',0,3,0,'','',537),(10789813,1,'2013-10-02 14:23:14','DIAGONAL  HAMMARSKJOLD','237','','','2614684503','CAPITAL','5500',1,0,3,'','',37398),(10789840,1,'2013-12-05 21:07:36','Calle Lopez y Planes 4º CEC Manz D casa 9','','','','0263- 154510330 - 02634-420021 - 492205','DA EL TELÉFONO!!!!!','',1,1,5,'victor.araujo@um.edu.ar; victor_araujo_2000@yahoo.com.ar','Lucha Antigranizo - UM Esc. Arboit',38124),(10803230,1,'2003-05-06 03:00:00','ITALIA 6010 B.STA.ANA','','','','234415','GUAYMALLEN','5519',0,3,0,'','',539),(10803643,1,'2005-07-26 16:08:04','','','','','','','',1,1,1,'ingep53@yahoo.com.ar','',540),(10803953,1,'2004-10-01 15:36:07','J.V. Gonzalez','804','','','4254405','','5500',1,2,1,'','',541),(10803965,0,'2013-04-24 13:59:04','A','794','','','','CAPITAL','5500',1,0,3,'','',34588),(10819774,1,'2003-05-26 03:00:00','Hector Carosella','1589','','','4912682','Rodeo de la Cruz','5525',1,2,2,'','',542),(10846662,1,'2003-05-06 03:00:00','M.ORZALI 624','','','','305087','LAS HERAS','5539',0,3,0,'','',543),(10846817,1,'2007-10-10 22:16:03','NEUQUEN','98','','','4370680','LAS HERAS','5539',1,0,1,'','',544),(10847444,1,'2003-05-06 03:00:00','RUTA 50 KM 1040','','','','','PALMIRA-SAN MARTIN','0',0,3,0,'','',545),(10857859,1,'2003-05-06 03:00:00','BERUTTI 1509','','','','','MAIPU','5513',0,3,0,'','',546),(10872663,1,'2010-08-30 23:22:58','ALBERDI','1166','','','4295856/156299373','GODOY CRUZ','5501',1,0,8,'','',547),(10887140,1,'2011-11-25 20:52:10','ING.ALVAREZ','1016','','','02627-15560914','MALARGUE','5613',1,0,17,'','',548),(10892151,1,'2007-02-13 13:01:42','VIAMONTE','2690','','','155095694','LUJAN DE CUYO','5507',1,0,7,'','',549),(10899403,1,'2015-03-30 12:47:54','A.V.','794','','','','CAPITAL','5500',2,0,3,'','',46962),(10907580,1,'2007-09-19 22:28:45','ANTONIO  TOMBA','151','','','155995368','GODOY CRUZ','5501',1,0,8,'','',550),(10907637,1,'2003-05-06 03:00:00','GUTIERREZ 434 7§ P. D.705','','','','250598','CIUDAD','5500',0,3,0,'','',551),(10907711,1,'2009-10-22 15:18:19','Belgrano','464','','','4243089 - 155041908','','5501',1,1,3,'cesar.iglesias@um.edu.ar; iglesias999@speedy.com.ar','',552),(10907744,1,'2015-03-30 16:46:05','A.V','794','','','','CAPITAL','5500',2,0,3,'','',46511),(10938616,1,'2003-05-06 03:00:00','','','','','','','0',0,3,0,'','',553),(10942016,1,'2014-02-24 16:41:36','Bº TRAPICHE ITALIA','2199','','','4391880','GODOY CRUZ','5501',1,0,8,'','',40438),(10942160,1,'2015-03-30 21:49:01','A','7','','','','CAPITAL','5500',1,0,3,'','',47320),(10942365,1,'2004-10-14 14:38:40','Del Parque','1395','','','4964250','','',1,2,8,'','',554),(10951116,1,'2014-04-01 13:36:44','PULQUI','80','','','','NEUQUEN','8300',2,0,10,'','',41566),(10956530,1,'2014-09-25 22:55:57','A.V.','794','','','','CAPITAL','5500',2,0,3,'','',44302),(10966769,1,'2015-03-30 15:24:54','AV','750','','','','CAPITAL','5500',2,0,3,'','',47165),(10973114,0,'2015-04-30 21:51:27','A','7','','','','CAPITAL','5500',1,0,3,'','',47841),(10973114,1,'2015-04-30 21:52:37','SANTA CRUZ','570','pb','2','155750049','CAPITAL','5500',2,0,3,'','',47842),(10973547,1,'2007-07-26 14:10:49','Risco Plateado','340','','','4444596 -154711531','','',1,1,1,'almadinamo@gmail.com','',555),(10973626,1,'2015-03-26 23:07:31','SAN MIGUEL','1881','','','4304614','LAS HERAS','5539',2,0,7,'','',556),(10978038,1,'2014-03-28 19:33:29','CASELI','397','','','0260-154407137','SAN RAFAEL','5600',2,0,9,'','',41510),(10978399,1,'2004-07-29 14:41:20','Rivadavia','740','','','421067','','5601',1,1,7,'','',557),(10978613,1,'2013-12-17 13:10:53','SARMIENTO','632','','','4251534','CAPITAL','5500',2,0,3,'','',38306),(10980659,1,'2003-05-06 03:00:00','AV.ESPA¥A 234','','','','42304','RIVADAVIA','5500',0,3,0,'','',558),(10980709,1,'2015-04-09 21:14:03','ESPAÑA','132','','','4247824','RIVADAVIA','5577',1,0,5,'','',47575),(10980792,1,'2013-06-11 12:21:42','Lencinas','775','','','4372628-154193120','','',1,1,4,'edgardoper.perez67@gmail.com','Dirección General de Escuelas',559),(10986398,1,'2010-08-31 12:32:11','2 Bº MARIANO MORENO MNA 18','casa 20','','','4373965','LAS HERAS','5539',1,0,1,'','',560),(10989592,1,'2003-05-06 03:00:00','CHUQUISACA 1494-','','','','271890','GODOY CRUZ','5547',0,3,0,'','',561),(10989672,1,'2003-05-06 03:00:00','','','','','','','0',0,3,0,'','',562),(10991841,1,'2007-10-02 20:25:12','Arístides Villanueva','236','','','no puso','CAPITAL','5500',1,4,1,'','',563),(10997102,1,'2012-03-08 18:38:25','MARMOL','792','','','153463633','SAN JOSE - DORREGO','5519',1,0,6,'','',564),(11039922,1,'2006-11-13 12:12:03','DR. MORENO 1787 MONOBLO C','','1º','8','','LAS HERAS','5539',1,0,1,'','',565),(11040128,1,'2015-03-30 12:44:49','A','7','','','','CAPITAL','5500',1,0,3,'','',46958),(11042555,1,'2015-03-30 12:44:41','A.V.','794','','','','CAPITAL','5500',2,0,3,'','',46957),(11042623,1,'2011-03-18 19:08:32','Huarpes','536','','','4259407','','5500',1,3,1,'','',566),(11042688,1,'2010-12-10 14:48:52','Los Tilos','442','','','4444575- 155451410','','5539',1,1,4,'osvaldogalarza@hotmail.com','UM',567),(11042728,1,'2013-12-26 23:30:52','NECOCHEA','637','','','4315594','SAN JOSE - DORREGO','5519',2,0,4,'','',38578),(11042809,1,'2003-05-06 03:00:00','25 DE MAYO 393','','','','249704','GODOY CRUZ','0',0,3,0,'','',568),(11042874,1,'2006-07-06 12:30:37','BELTRAN','193','','','','GODOY CRUZ','5501',1,3,3,'','',569),(11042972,1,'2004-03-29 11:02:02','Agustin Alvarez','1866','','','4244352','','5501',1,2,3,'oddsaenz@uolsinectis.com.ar','',570),(11047367,1,'2010-04-16 12:26:53','RIO BARRANCA','855','','','4392220','GODOY CRUZ','5501',1,0,8,'','',571),(11073817,1,'2012-07-06 15:31:07','CARRIL BARRIALES','865','','','155636268','PALMIRA','5584',1,0,21,'','',572),(11080919,0,'2013-05-07 16:28:31','A','794','','','','CAPITAL','5500',1,0,3,'','',34688),(11091275,1,'2012-08-03 22:14:53','HUARPES','221','','','','CAPITAL','5500',1,0,3,'','',573),(11091315,1,'2006-05-08 13:42:44','Bº 12 de Junio H 32','95','','','4440983','','5501',1,2,4,'dani28_9@hotmail.com','',574),(11091501,1,'2007-02-24 17:32:10','Huarpes','3401','','','4288684','','5501',1,3,3,'jlpar2004','',575),(11091606,1,'2015-05-14 13:24:36','A','','','','','CAPITAL','5500',2,0,3,'','',47911),(11091691,1,'2007-09-14 12:00:58','QUITO  HUERTO DEL SOL','7903','','','4396328','CHACRAS-CARRODILLA','5505',1,2,8,'beabag@hotmail.com','',576),(11091743,1,'2004-10-28 13:46:06','Martinez de Rosas','232','','','4205871','','',1,2,1,'','',577),(11091853,0,'2014-11-11 22:29:26','A','7','','','','CAPITAL','5500',1,0,3,'','',44656),(11091853,1,'2014-11-11 22:31:19','BELGRANO','990','pb','4','','CAPITAL','5500',2,0,3,'','',44657),(11091858,1,'2003-05-06 03:00:00','MBK-LAPRIDA 1P.DTO.5','','','','','GODOY CRUZ','5501',0,3,0,'','',578),(11091908,1,'2004-10-13 13:46:28','Las Orquideas','788','','','4520255','','',1,2,3,'','',579),(11091921,1,'2008-07-04 12:40:27','Eusebio Blanco','354','','','4962971','','',1,3,1,'beatrizmancuso@hotmail.com','',580),(11091940,1,'2003-05-06 03:00:00','MITRE 2176','','','','','GUAYMALLEN','5519',0,3,0,'','',581),(11097009,1,'2012-05-15 20:17:05','ANIBAL VERON','360','','','','NEUQUEN','8300',5,0,1,'','',582),(11103212,4,'2007-09-10 23:05:40','EMILIO   CIVIT','732','','','4291626','CAPITAL','5500',1,0,3,'','',583),(11110318,1,'2013-06-05 15:26:55','Lonardi - Manzana K Casa 20','','','','0263154476140 - 02634492708','Bo. Isidoro Busquet','',1,1,10,'armando.andino@um.edu.ar','Esc. Arboit',34932),(11116212,1,'2003-05-06 03:00:00','JULIO A.ROCA 1135','','','','22063','TUNUYAN','5500',0,3,0,'','',585),(11136112,1,'2015-03-30 17:24:58','A.V.','794','','','','CAPITAL','5500',2,0,3,'','',47262),(11142971,1,'2006-04-22 12:58:45','OLEGARIO V. ANDRADE','334 (SUR)','','','4237017','CIUDAD','5400',3,0,3,'','',586),(11151319,4,'2013-07-30 14:07:34','Paseo Dr. Emilio Descotte','750','','','','','',1,2,1,'','',35371),(11155625,1,'2003-05-06 03:00:00','ALLAYME 1964','','','','','SAN JOSE-GUAYMALLEN','5519',0,3,0,'','',587),(11177025,1,'2003-05-06 03:00:00','LEOPOLDO LUGONES 3016','','','','397656','GODOY CRUZ','5501',0,3,0,'','',588),(11177186,1,'2003-05-06 03:00:00','20 DE JUNIO 86','','','','220973','GODOY CRUZ','5501',0,3,0,'','',589),(11177200,1,'2003-05-06 03:00:00','ESPA¥A 4296','','','','262343','VILLA NUEVA-GUAYMALLEN','5519',0,3,0,'','',590),(11177471,1,'2004-04-22 19:47:11','Lugones','865','','','02627-427406','','5600',1,3,7,'','',591),(11185005,1,'2011-04-19 18:31:51','Martinez de Rosas','2881','','','4254884 - 155608434','4634767','5500',1,1,1,'jorge.castro@um.edu.ar;jorgeccastro@hotmail.com','Hospital Español',592),(11197823,4,'2013-04-12 13:51:07','Paseo Dr. Emilio Descote','750','','','','','',1,2,1,'stephanie_de_jeor_07@hotmail.com','',34537),(11204419,1,'2007-09-15 14:32:03','Carlos Gardel','495','','','3585420586','','5843',5,1,3,'roribe@amaria.com.ar','',593),(11204984,1,'2008-09-12 23:29:53','BANDERA DE LOS ANDES','4176','','','4267335','VILLA NUEVA','5521',1,0,6,'','',594),(11211102,1,'2004-10-01 20:31:29','Rioja','2049','','','4342423','Prof.en Técnol.para EGB·3 y Po','5400',3,1,1,'','',595),(11240263,1,'2013-06-11 12:21:42','Sgto Cabral','1260','','','4272601','','5400',3,1,1,'lbustok@hotmail.com','',596),(11243620,1,'2015-02-27 21:47:50','Bernardo Ortiz','899','','','4810381 - 156637699','','5501',1,1,3,'jaraliliana@yahoo.com','',46095),(11243691,1,'2011-12-15 14:50:58','Rodolfo Iselín','252','','','','','5506',1,1,7,'meliton.barrozo@um.edu.ar','INTA - UM',598),(11243768,1,'2014-06-23 12:46:17','Agustín Alvarez','663','','','154573663 - 436852','','5600',1,1,7,'susipro@yahoo.com.ar','',42528),(11243872,1,'2003-05-06 03:00:00','CORRIENTES 651','','','','','SAN RAFAEL','0',0,3,0,'','',599),(11259590,1,'2007-02-15 19:40:22','Leandro N. Alem','1156','','','02627-434594','','5600',1,3,7,'','',600),(11260641,1,'2010-09-01 22:48:21','M-O CASA 19 CLB DE CAMPO','','','','4265094','VILLA NUEVA','5521',1,0,6,'','',601),(11260839,1,'2003-05-06 03:00:00','FERRARI 708','','','','258716','SAN JOSE-GUAYMALLEN','5519',0,3,0,'','',602),(11260857,1,'2003-05-06 03:00:00','SATURNINO TORRES 1888','','','','4932309','LUZURIAGA- MAIPU','5513',0,3,0,'','',603),(11260875,1,'2011-05-05 21:16:33','RUBEN ZARATE','348','','','4242885','CAPITAL','5500',1,3,1,'','',604),(11263982,1,'2004-10-13 13:32:25','Managua','7865','','','4399165','','',1,2,8,'','',605),(11264170,1,'2013-09-16 22:54:47','Almirante Brown','2300','','','','Chacras de Coria','5507',1,3,8,'elsa@speedy.com.ar','',37195),(11264554,1,'2003-05-06 03:00:00','','','','','','','0',0,3,0,'','',607),(11264598,1,'2003-05-06 03:00:00','MONTES DE OCA 106','','','','256387','CIUDAD','5500',0,3,0,'','',608),(11264795,1,'2003-05-06 03:00:00','SAN MARTIN 1486','','','','221542','GODOY CRUZ','5501',0,3,0,'','',609),(11264882,1,'2013-09-04 23:09:47','Mármol 1925','','','','4272433','','5501',1,4,3,'','',36845),(11264921,1,'2007-06-28 22:56:38','Alberti','1420','','','4520430','','5501',1,1,3,'oscar.leon@um.edu.ar','UTN Vice',611),(11300609,1,'2010-05-20 14:11:25','GUIDO SPANO','1063','','','4300278','LAS HERAS','5539',1,0,1,'','',612),(11329250,1,'2014-11-12 15:53:44','Díaz Velez','1637','','','4313142','Dorrego','5519',1,1,2,'santiago.corti@um.edu.ar, santiago_corti@yahoo.com','UTN',44665),(11329349,1,'2013-06-11 12:21:43','Las Colinas','1320','','','4962421-4961303 - 156317541','Chacras de Coria','5505',1,1,8,'cristina.parraga@um.edu.ar','UM Secretaria Administrativa F.I.',613),(11329475,1,'2003-05-06 03:00:00','RICARDO VIDELA 8370-','','','','4392531','LA PUNTILLA-LUJAN DE CUYO','5505',0,3,0,'','',614),(11374483,1,'2014-10-08 12:43:52','11','','','','','','',2,0,1,'','',44358),(11383209,4,'2013-10-30 22:19:46','A.VILLANUEVA','794','','','','CAPITAL','5500',2,0,3,'','',37751),(11391667,0,'2013-07-22 15:06:29','A.V','794','','','','CAPITAL','5500',1,0,3,'','',35333),(11391667,1,'2013-07-22 15:06:09','A.V.','794','','','4254687','CAPITAL','5500',2,0,3,'','',35332),(11402482,1,'2014-02-27 13:35:44','San Juan Bosco','2345','','','4434441- 154662512','','',1,1,7,'slaguzzi@yahoo.com.ar','',40515),(11408502,1,'2012-08-02 22:44:25','SANTA FE','1008','','','4306380','CAPITAL','5500',1,0,3,'','',616),(11408890,1,'2004-08-31 19:11:26','Rivadavia','468','','','-395098','','',1,2,8,'','',617),(11413125,1,'2013-06-11 12:21:43','La Paz','378','','','4962351 - 154720107','','5505',1,1,8,'spdelia@hotmail.com','',618),(11451054,1,'2008-06-06 15:30:09','ESPEJO','415','7','','4232581','CAPITAL','5500',1,0,3,'','',619),(11461261,1,'2008-09-24 14:03:41','','','','','02623424873','','',1,1,1,'tomriverar@yahoo.com.ar','',620),(11469327,4,'2009-03-31 01:24:32','Paso de los Andes','724','','','2616803394','','5500',1,5,15,'','',621),(11469377,1,'2008-06-06 15:34:23','YUGOSLAVIA','119','','','','CAPITAL coquimbo chile','5500',1,0,3,'','',622),(11470690,1,'2004-10-28 14:03:50','H. Yrigoyen','1450','','','','','',1,2,7,'','',623),(11473229,1,'2015-03-30 12:11:34','A.V.','794','','','','CAPITAL','5500',2,0,3,'','',46911),(11481211,1,'2004-10-27 14:11:19','Sarmiento','60','9','B','4258951','','',1,2,1,'','',624),(11481340,1,'2014-04-22 13:32:40','ESPAÑA','1148','2','A','','CAPITAL','5500',1,3,1,'','',42101),(11482698,1,'2005-09-28 14:06:14','Santa Fe','888 (E)','Piso 1','Dpto','02644201709 -156723493','','5400',3,1,1,'susanafloresar@yahoo.com.ar','',625),(11486218,1,'2013-06-11 12:21:43','--------','','','','','','',1,1,1,'','',34951),(11486327,1,'2003-05-06 03:00:00','PASO DE LOS ANDES 2205','','','','230251','CIUDAD','5500',0,3,0,'','',626),(11486378,1,'2006-08-02 22:18:39','CERRO SOSNEADO- D A L V I A N','549','','','4442360','CAPITAL','5500',1,0,3,'','',627),(11486407,1,'2012-08-08 20:23:05','ESPAÑA','340','','','','CAPITAL','5500',1,0,3,'','',628),(11486524,1,'2013-10-02 14:50:51','A.V.','794','','','','CAPITAL','5500',2,0,3,'','',37399),(11486536,1,'2003-05-06 03:00:00','','','','','','','0',0,3,0,'','',629),(11486774,1,'2010-08-31 23:22:34','ADOLFO CALLE','77','1','5','155394283','SAN JOSE - DORREGO','5519',1,0,6,'','',630),(11486987,1,'2010-08-31 22:18:08','NICOLAS AVELLANEDA','168','','','4256895','CAPITAL','5500',1,0,3,'','',631),(11487585,1,'2007-09-10 14:53:08','LA','','','','','CAPITAL','5500',1,0,3,'','',632),(11487945,1,'2010-08-30 13:29:43','CHAPANAY','2828','','','4280596','GODOY CRUZ','5501',1,0,8,'','',633),(11491038,1,'2013-09-10 23:14:56','Presbítero Olguín','88','','','02623-443165  02623-444992','','5577',1,3,6,'lilifalcioni@yahoo.com.ar','Freelance',37012),(11491445,1,'2011-09-23 13:15:14','A.VILLANUEVA','794','','','','CAPITAL','5500',1,0,3,'','',635),(11505326,1,'2012-09-07 14:29:04','SAN MARTIN','845','','','0261-154518346','MALARGUE','5613',1,0,17,'','',636),(11509490,1,'2015-03-31 14:17:02','A.V.','794','','','','CAPITAL','5500',2,0,3,'','',47374),(11509694,1,'2015-03-30 12:20:16','AV','750','','','','CAPITAL','5500',2,0,3,'','',46921),(11516584,1,'2003-05-06 03:00:00','ANTONIO TOMBA 202','','','','226643','GODOY CRUZ','5501',0,3,0,'','',637),(11519343,1,'2015-03-27 17:50:54','PASO DE LOS ANDES','555','','','02625-15664704','GENERAL ALVEAR','5620',2,0,13,'','',46855),(11520341,5,'2013-03-21 19:54:08','SAN JUAN DE DIOS','1549','','','','SAN JOSE - DORREGO','5519',1,0,6,'','',33960),(11531462,1,'2012-05-15 20:29:44','MIGUEL MUÑOZ','460','','','','GENERAL ROCA','8332',6,0,3,'','',639),(11535631,0,'2015-03-16 21:13:26','A','','','','','','',2,0,1,'','',46605),(11535631,1,'2015-03-16 21:15:06','LAMADRID','520','','','2622511953','CAPITAL','5500',2,0,3,'','',46606),(11543513,0,'2012-04-13 22:00:40','A','7945500','','','','CAPITAL','5500',1,0,3,'','',640),(11544941,1,'2014-06-10 19:48:22','DARRAGUEIRA','6906','','','4963416','CHACRAS-CARRODILLA','5505',2,0,6,'','',42375),(11552677,1,'2015-03-30 13:16:00','A','7','','','','CAPITAL','5500',1,0,3,'','',46997),(11561414,1,'2004-02-05 03:00:00','Bº Foecyt, Mna. F, Casa 15','','','','4225503','','5501',1,3,3,'','',641),(11562924,1,'2010-08-30 14:27:30','SAN RAFAEL','1663 OESTE','','','0264-4234018','CIUDAD','5400',3,0,3,'','',642),(11571751,1,'2013-06-18 21:45:49','JKJHJKHHGHGGF','','','','','','',2,0,1,'','',35235),(11571788,1,'2010-09-01 22:50:56','M-O CASA 19 CLUB DE CAMPO','','','','4697337','VILLA NUEVA','5521',1,0,6,'','',643),(11571969,1,'2013-09-23 23:13:02','Amado Nervo','279','','','4239600-4311953-156548854','Dorrego','5521',1,3,2,'jorgesm2@infovia.com.ar','Freelance',37277),(11580455,1,'2003-05-06 03:00:00','RIO PLOMO 285-130 S.A.','','','','391585','GODOY CRUZ','5501',0,3,0,'','',645),(11580568,1,'2003-05-06 03:00:00','ANDORRA 2262','','','','393817','GODOY CRUZ','5501',0,3,0,'','',646),(11582108,1,'2014-10-03 14:31:16','Derqui','39','','','4245315 - 156081999','','5501',1,1,1,'melena.zabal@hotmail.com','UNC - UM',44344),(11582258,1,'2015-03-30 16:43:20','A.V.','794','','','','CAPITAL','5500',2,0,3,'','',47237),(11600996,1,'2010-07-08 23:42:34','Bº PASEO DEL CERRO MNA 471','casa 7','','','02652-437826','CIUDAD','5700',4,0,1,'','',648),(11619662,1,'2010-09-02 13:50:08','PAYRO','1656','','','4392518','GODOY CRUZ','5501',1,0,8,'','',649),(11629304,1,'2003-05-06 03:00:00','PELLEGRINI 934','','','','','S.JOSE-GUAYMALLEN','5519',0,3,0,'','',650),(11629364,1,'2003-05-06 03:00:00','','','','','','','0',0,3,0,'','',651),(11629473,1,'2003-05-06 03:00:00','B.CEMENTISTA II M-3 C-24','','','','','LAS HERAS','5539',0,3,0,'','',652),(11648512,1,'2010-09-16 22:20:19','ARISTIDES VILLANUEVA','794','','','','CAPITAL','5500',1,0,3,'','',653),(11665099,1,'2015-04-08 21:08:28','LA PAMPA','70','','','4242344','CAPITAL','5500',2,0,3,'','',47552),(11665139,1,'2014-11-07 19:09:08','Espejo','2498','','','4318035 - ','','5519',1,1,2,'susana.vacirca@um.edu.ar','UM-Secretaría',44613),(11665254,1,'2006-02-27 17:09:16','Espejo','2498','','','4318035','Dorrego','',1,1,2,'','UM',655),(11680372,1,'2003-05-06 03:00:00','OLASCOAGA 55','','','','4285672','CIUDAD','5500',0,3,0,'','',656),(11680430,1,'2007-05-11 15:17:40','Libertad','630','','','4211535','','5539',1,1,2,'adriel@sinectis.com.ar','',657),(11680494,1,'2010-09-02 19:40:00','SALTA','2411','','','4303798','CAPITAL','5500',1,0,3,'','',658),(11680537,1,'2003-05-06 03:00:00','TABANERA 2410','','','','233821','CIUDAD','0',0,3,0,'','',659),(11688810,1,'2013-12-19 14:04:10','LIBERTAD BLOQUE I','345','2','','','GRAL ROCA','8324',6,0,2,'','',38404),(11689112,1,'2008-10-31 14:59:29','ARISTIDES VILLANUEVA','794','2','','4202017','CAPITAL','5500',1,0,3,'','',660),(11689112,5,'2003-07-03 03:00:00','Boulevar Olivos','4435','','','4964303','','5505',1,2,8,'','',661),(11694042,1,'2003-05-06 03:00:00','V.HUGO 110','','','','220321','GODOY CRUZ','5501',0,3,0,'','',662),(11697035,1,'2003-05-06 03:00:00','','','','','','','0',0,3,0,'','',663),(11699520,4,'2014-11-18 12:16:12','A','7','','','','CAPITAL','5500',1,0,3,'','',44766),(11706665,1,'2003-05-06 03:00:00','A.GUI¥AZU 666','','','','','LUJAN','5507',0,3,0,'','',664),(11717412,1,'2004-03-11 12:25:38','V. Alsina','161','','','02623-420497','','',1,2,5,'','',665),(11728695,1,'2003-05-06 03:00:00','','','','','','','0',0,3,0,'','',666),(11733710,1,'2009-06-26 07:27:55','Presidente Illia','871','','','02625-425442-15412662','','',1,1,15,'pelu_neme@hotmail.com','Esc. de Agricultura -  UNC- Gral. Alvear',667),(11733849,1,'2015-03-30 14:37:55','AV','750','','','','CAPITAL','5500',2,0,3,'','',47112),(11737143,1,'2010-12-01 13:12:31','DÍAZ VÉLEZ','486','','','','GODOY CRUZ','5501',1,0,8,'','',668),(11761878,1,'2013-06-11 12:21:43','Santiago del Estero','646 (S)','','','0264-4221412','','5400',3,1,1,'profjuancarlosaguilera@hotmail.com','',34952),(11783669,1,'2003-05-06 03:00:00','B.CANCILLER M-N C-7','','','','','MAIPU','5500',0,3,0,'','',669),(11783967,1,'2014-10-17 14:52:31','Barrio Ruiseñor Mna A - Casa 19','','','','4220582-155259359','','5501',1,1,3,'','',44466),(11797267,1,'2005-09-30 23:46:03','Agustín Alvarez','1847','','','4249418 - 4247208 - 156529092','','',1,1,3,'susanabelarde@yahoo.com.ar','Colegio G. del Mazo',671),(11809350,1,'2006-11-24 20:57:10','B MUNICIPAL - MZ 16 C-26','','','','','LAS HERAS','5539',1,3,4,'','',672),(11827222,1,'2008-05-14 15:51:01','','','','','4246216 - 456649241','','',1,1,1,'marianapuliti@yahoo.com.ar','',673),(11827271,1,'2004-05-14 18:30:00','','','','','Tel (215) 669-1977- Fax (','','',1,1,1,'www.expandinternational.net','President & CEO Expand International Corporation',674),(11827272,1,'2003-05-06 03:00:00','SAN LORENZO 170 6P.DTO.A','','','','247699','CIUDAD','5500',0,3,0,'','',675),(11827311,1,'2012-03-30 11:44:26','Santa Fé','20','','','4302025 - 4245315 (oficina)','','5500',1,1,1,'enrique.esley@um.edu.ar','UNC- ',676),(11827316,1,'2010-08-31 20:52:28','AV.ESPAÑA','2548','','','4306542','CAPITAL','5500',1,0,3,'','',677),(11827458,1,'2003-05-06 03:00:00','ROQUE SAENZ PE¥A 445','','','','255680','-------CIUDAD------------','5500',0,3,0,'','',678),(11827537,1,'2015-05-05 22:11:10','Málaga','1201','','','4963366 (nuevo) - 4393424 (viejo)','Bo. Jardín Trapiche III','5501',1,1,3,'jose.luis.puliafito@um.edu.ar','261-5776439',47852),(11827548,1,'2011-11-07 12:15:14','Alvear','26','','','4614000  interno 5514','155619811 - 155944163 (este preferentemente)','5501',1,1,3,'nacosta@fuesmen.edu.ar','FUESMEN 02615619811- ',680),(11827577,1,'2003-05-06 03:00:00','OLASCOAGA 2265','','','','251447','CIUDAD','0',0,3,0,'','',681),(11827714,1,'2003-05-06 03:00:00','','','','','','','0',0,3,0,'','',682),(11827778,1,'2015-03-30 13:17:21','A','7','','','','CAPITAL','5500',1,0,3,'','',46999),(11838295,1,'2007-06-23 00:05:37','Bo Edilco Cabot (E)','366','','','02644281401 155046419','','',3,1,6,'gloriatropea@sinectis.com.ar','',683),(11844509,1,'2003-09-11 03:00:00','Remedios Escalada','404','','','02623-423618','','',1,2,5,'','',684),(11844626,1,'2015-03-30 16:17:55','DESCOTTE','750','','','','CAPITAL','5500',1,0,3,'','',47204);
/*!40000 ALTER TABLE `domicilio` ENABLE KEYS */;
UNLOCK TABLES;

--
-- Table structure for table `estado`
--

DROP TABLE IF EXISTS `estado`;
/*!40101 SET @saved_cs_client     = @@character_set_client */;
/*!40101 SET character_set_client = utf8 */;
CREATE TABLE `estado` (
  `est_id` int(4) NOT NULL AUTO_INCREMENT,
  `est_nombre` varchar(50) NOT NULL,
  `est_eti_id` smallint(2) NOT NULL,
  PRIMARY KEY (`est_id`)
) ENGINE=InnoDB AUTO_INCREMENT=8 DEFAULT CHARSET=latin1;
/*!40101 SET character_set_client = @saved_cs_client */;

--
-- Dumping data for table `estado`
--

LOCK TABLES `estado` WRITE;
/*!40000 ALTER TABLE `estado` DISABLE KEYS */;
INSERT INTO `estado` VALUES (1,'Iniciado 1',1),(2,'Iniciado 2',1),(3,'En proceso 1',2),(4,'En proceso 2',2),(5,'Terminado 1',3),(6,'Terminado 2',3),(7,'Entregado',4);
/*!40000 ALTER TABLE `estado` ENABLE KEYS */;
UNLOCK TABLES;

--
-- Table structure for table `estadotipo`
--

DROP TABLE IF EXISTS `estadotipo`;
/*!40101 SET @saved_cs_client     = @@character_set_client */;
/*!40101 SET character_set_client = utf8 */;
CREATE TABLE `estadotipo` (
  `eti_id` smallint(2) NOT NULL AUTO_INCREMENT,
  `eti_nombre` varchar(100) NOT NULL,
  PRIMARY KEY (`eti_id`)
) ENGINE=InnoDB AUTO_INCREMENT=5 DEFAULT CHARSET=latin1;
/*!40101 SET character_set_client = @saved_cs_client */;

--
-- Dumping data for table `estadotipo`
--

LOCK TABLES `estadotipo` WRITE;
/*!40000 ALTER TABLE `estadotipo` DISABLE KEYS */;
INSERT INTO `estadotipo` VALUES (1,'Iniciado'),(2,'En proceso'),(3,'Terminado'),(4,'Entregado');
/*!40000 ALTER TABLE `estadotipo` ENABLE KEYS */;
UNLOCK TABLES;

--
-- Table structure for table `facultad`
--

DROP TABLE IF EXISTS `facultad`;
/*!40101 SET @saved_cs_client     = @@character_set_client */;
/*!40101 SET character_set_client = utf8 */;
CREATE TABLE `facultad` (
  `Fac_ID` smallint(2) NOT NULL DEFAULT '0',
  `Fac_Nombre` varchar(50) NOT NULL DEFAULT '',
  `Fac_Server` varchar(20) NOT NULL DEFAULT '',
  `Fac_DB_ADM` varchar(30) NOT NULL DEFAULT '',
  `Fac_DSN` varchar(10) NOT NULL DEFAULT '',
  PRIMARY KEY (`Fac_ID`)
) ENGINE=InnoDB DEFAULT CHARSET=latin1;
/*!40101 SET character_set_client = @saved_cs_client */;

--
-- Dumping data for table `facultad`
--

LOCK TABLES `facultad` WRITE;
/*!40000 ALTER TABLE `facultad` DISABLE KEYS */;
INSERT INTO `facultad` VALUES (1,'Facultad de Ingeniería','192.168.1.3','fiadm','fi'),(2,'Facultad de Arquitectura, Urbanismo y Diseño','192.168.1.3','fauadm','fau'),(3,'Facultad de Ciencias Jurídicas y Sociales','192.168.1.3','fcjsadm','fcjs'),(4,'Facultad de Ciencias de la Salud','192.168.1.3','fcsadm','fcs'),(5,'Facultad de Ciencias Económicas','192.168.1.3','fceadm','fce'),(6,'Rectorado','192.168.1.3','recadm','rec'),(7,'FI - Conv. UGR-UM','192.168.1.3','fiadm','fi'),(8,'FCJS - Maestría Magist. y Gestión Judicial','192.168.1.3','fcjsadm','fcjs'),(9,'FAUD - Doctorado','192.168.1.3','fauadm','fau'),(10,'Rectorado - IMBECU','192.168.1.3','recadm','rec'),(12,'FAUD - Doct. 7ma Edicion','192.168.1.3','fauadm','fau'),(13,'Educación a Distancia','192.168.1.3','eadadm','ead');
/*!40000 ALTER TABLE `facultad` ENABLE KEYS */;
UNLOCK TABLES;

--
-- Table structure for table `geografica`
--

DROP TABLE IF EXISTS `geografica`;
/*!40101 SET @saved_cs_client     = @@character_set_client */;
/*!40101 SET character_set_client = utf8 */;
CREATE TABLE `geografica` (
  `Geo_ID` smallint(2) NOT NULL DEFAULT '0',
  `Geo_Nombre` varchar(40) NOT NULL DEFAULT '',
  PRIMARY KEY (`Geo_ID`),
  KEY `Geo_ID` (`Geo_ID`)
) ENGINE=InnoDB DEFAULT CHARSET=latin1;
/*!40101 SET character_set_client = @saved_cs_client */;

--
-- Dumping data for table `geografica`
--

LOCK TABLES `geografica` WRITE;
/*!40000 ALTER TABLE `geografica` DISABLE KEYS */;
INSERT INTO `geografica` VALUES (1,'Mendoza'),(2,'San Rafael'),(3,'San Juan'),(4,'Coronel Moldes'),(5,'Rio Cuarto'),(6,'Cipolletti');
/*!40000 ALTER TABLE `geografica` ENABLE KEYS */;
UNLOCK TABLES;

--
-- Table structure for table `lectivo`
--

DROP TABLE IF EXISTS `lectivo`;
/*!40101 SET @saved_cs_client     = @@character_set_client */;
/*!40101 SET character_set_client = utf8 */;
CREATE TABLE `lectivo` (
  `Lec_ID` smallint(2) NOT NULL DEFAULT '0',
  `Lec_Nombre` varchar(50) NOT NULL,
  `Lec_Inicio` date NOT NULL,
  `Lec_Fin` date NOT NULL,
  PRIMARY KEY (`Lec_ID`),
  KEY `fecini` (`Lec_Inicio`),
  KEY `IDLectivo` (`Lec_ID`)
) ENGINE=InnoDB DEFAULT CHARSET=latin1;
/*!40101 SET character_set_client = @saved_cs_client */;

--
-- Dumping data for table `lectivo`
--

LOCK TABLES `lectivo` WRITE;
/*!40000 ALTER TABLE `lectivo` DISABLE KEYS */;
INSERT INTO `lectivo` VALUES (13,'Lectivo 2002 - 2003','2002-03-01','2003-02-28'),(14,'Lectivo 2003 - 2004','2003-03-01','2004-02-28'),(15,'Lectivo 2004 - 2005','2004-03-01','2005-02-28'),(16,'Lectivo 2005 - 2006','2005-03-01','2006-02-28'),(17,'Lectivo 2006 - 2007','2006-03-01','2007-02-28'),(18,'Lectivo 2007 - 2008','2007-03-01','2008-02-29'),(19,'Lectivo 2008 - 2009','2008-03-01','2009-02-28'),(20,'Lectivo 2009 - 2010','2009-03-01','2010-02-28'),(21,'Lectivo 2010 - 2011','2010-03-01','2011-02-28'),(22,'Lectivo 2011 - 2012','2011-03-01','2012-03-14'),(23,'Lectivo 2012 - 2013','2012-03-15','2013-03-14'),(24,'Lectivo 2013 - 2014','2013-03-15','2014-03-14'),(25,'Lectivo 2014 - 2015','2014-03-15','2015-03-14'),(26,'Lectivo 2015 - 2016','2015-03-15','2016-03-14');
/*!40000 ALTER TABLE `lectivo` ENABLE KEYS */;
UNLOCK TABLES;

--
-- Table structure for table `localidad`
--

DROP TABLE IF EXISTS `localidad`;
/*!40101 SET @saved_cs_client     = @@character_set_client */;
/*!40101 SET character_set_client = utf8 */;
CREATE TABLE `localidad` (
  `Loc_Fac_ID` smallint(2) NOT NULL DEFAULT '0',
  `Loc_Prv_ID` smallint(2) NOT NULL DEFAULT '0',
  `Loc_ID` smallint(2) NOT NULL DEFAULT '0',
  `Loc_Nombre` varchar(30) NOT NULL DEFAULT '',
  `id` int(4) NOT NULL AUTO_INCREMENT,
  PRIMARY KEY (`Loc_Fac_ID`,`Loc_Prv_ID`,`Loc_ID`),
  KEY `id` (`id`)
) ENGINE=InnoDB AUTO_INCREMENT=6210 DEFAULT CHARSET=latin1;
/*!40101 SET character_set_client = @saved_cs_client */;

--
-- Dumping data for table `localidad`
--

LOCK TABLES `localidad` WRITE;
/*!40000 ALTER TABLE `localidad` DISABLE KEYS */;
INSERT INTO `localidad` VALUES (0,1,1,'LAS HERAS',1),(0,1,2,'MAIPU',2),(0,1,3,'CAPITAL',3),(0,1,4,'SAN MARTIN',4),(0,1,5,'RIVADAVIA',5),(0,1,6,'GUAYMALLEN',6),(0,1,7,'LUJAN DE CUYO',7),(0,1,8,'GODOY CRUZ',8),(0,1,9,'SAN RAFAEL',9),(0,1,10,'LAVALLE',10),(0,1,11,'TUPUNGATO',11),(0,1,12,'TUNUYAN',12),(0,1,13,'GENERAL ALVEAR',13),(0,1,14,'LA PAZ',14),(0,1,15,'JUNIN',15),(0,1,16,'SAN CARLOS',16),(0,1,17,'MALARGUE',17),(0,1,18,'SANTA ROSA',18),(0,1,19,'GUAYMALLEN - LAVALLE',19),(0,1,20,'lujan',20),(0,1,21,'PALMIRA',21),(0,1,22,'MAIPU ',5920),(0,2,1,'',22),(0,2,2,'GODOY CRUZ',2308),(0,2,3,'CAPITAL',2309),(0,2,4,'GUAYMALLEN',2317),(0,2,5,'MAIPU ',2318),(0,2,6,'LUJAN DE CUYO',2319),(0,2,7,'LAS HERAS',2320),(0,2,8,'MAIPU',2321),(0,2,9,'SAN RAFAEL',2327),(0,2,10,'NEUQUEN',2328),(0,2,11,'SAN MARTIN',2329),(0,2,12,'RIVADAVIA',2330),(0,2,13,'GENERAL ALVEAR',2332),(0,2,14,'GUAYMALLEN - LAVALLE',2333),(0,2,15,'CIPOLLETTI',2334),(0,2,16,'RIO CUARTO',2337),(0,2,17,'TUNUYAN',2338),(0,2,18,'SAN CARLOS',5839),(0,2,19,'PALMIRA',5878),(0,2,20,'JUNIN',5914),(0,2,21,'GENERAL ROCA',5915),(0,2,22,'LAVALLE',5943),(0,2,23,'LA PAZ',5960),(0,2,24,'MALARGUE',6090),(0,2,25,'TUPUNGATO',6091),(0,2,26,'PEDERNERA',6181),(0,2,27,'SAN LUIS',6197),(0,2,28,'SANTA LUCIA',6204),(0,3,1,'SARMIENTO',23),(0,3,2,'CAUCETE',24),(0,3,3,'CAPITAL',25),(0,3,4,'SANTA LUCIA',26),(0,3,5,'POCITO',27),(0,3,6,'CHIMBAS',28),(0,3,7,'RAWSON',29),(0,3,8,'SAN JUAN',30),(0,4,1,'CAPITAL',31),(0,4,2,'CHACABUCO',32),(0,4,3,'JUSTO DARACT',33),(0,4,4,'PEDERNERA',34),(0,4,5,'SAN LUIS',35),(0,4,6,'AYACUCHO',36),(0,4,7,'MERLO',37),(0,5,1,'NEUQUEN',38),(0,5,2,'LACAR',39),(0,5,3,'PLAZA HUINCUL',40),(0,5,4,'pehuenches',41),(0,5,5,'zapala',42),(0,5,6,'JUNIN DE LOS ANDES',43),(0,5,7,'VILLA LANGOSTURA',44),(0,6,1,'GRAL.ROCA',45),(0,6,2,'BARILOCHE',46),(0,6,3,'GENERAL ROCA',47),(0,6,4,'CIPOLLETTI',48),(0,7,1,'COMODORO RIVADAVIA',49),(0,7,2,'FUTALEUFU',50),(0,7,3,'PUERTO MADRYN',5924),(0,8,1,'CIUDAD',51),(0,8,2,'santa cruz',52),(0,8,3,'',5882),(0,8,4,'puerto deseaado',5883),(0,9,1,'PUELEN',53),(0,9,2,'SANTA ROSA',54),(0,10,1,'CAPITAL',55),(0,11,1,'CARMEN DE ARECO',56),(0,11,2,'MAR DEL PLATA',57),(0,11,3,'CAPITAL FEDERAL',58),(0,11,4,'RAMOS MEJIAS ',59),(0,12,1,'SAN MARTIN',60),(0,12,2,'CORDOBA',61),(0,12,3,'RIO CUARTO',62),(0,13,1,'san lorenzo',63),(0,13,2,'CAPITAL',6136),(0,14,1,'VENADO TUERTO',64),(0,15,1,'San Miguel de Tucumán',65),(0,16,1,'CIUDAD',66),(0,17,1,'JUNIN ',67),(0,17,2,'CHACABUCO ',68),(0,18,1,'CORONEL MOLDES ',69),(0,19,1,'LA PLATA ',70),(0,20,1,'USHUAIA',71),(0,20,2,'RIO GRANDE',6128),(0,21,1,'EL CALAFATE ',72),(0,22,1,'TINOGASTA ',73),(0,23,1,'lago puelo ',74),(1,1,1,'Capital',75),(1,1,2,'Guaymallén',76),(1,1,3,'Godoy Cruz',77),(1,1,4,'Las Heras',78),(1,1,5,'San Martín',79),(1,1,6,'Rivadavia',80),(1,1,7,'San Rafael',81),(1,1,8,'Luján de Cuyo',82),(1,1,9,'Maipú',83),(1,1,10,'Junín',84),(1,1,11,'Lavalle',85),(1,1,12,'Sacramento',86),(1,1,13,'Tupungato',87),(1,1,14,'Tunuyán',88),(1,1,15,'General Alvear',89),(1,1,16,'Malargüe',90),(1,1,17,'Santa Rosa',91),(1,1,18,'La Paz',92),(1,1,19,'San Carlos',93),(1,1,20,'San José',94),(1,1,21,'-',95),(1,1,22,'Delegacion Municipio',96),(1,2,1,'Capital',97),(1,2,2,'San Luis',98),(1,2,3,'Pedernera',99),(1,2,4,'Villa Mercedes',100),(1,2,5,'Mercedes',101),(1,3,1,'1ra. Zona -Capital',102),(1,3,2,'Chimbas',103),(1,3,3,'Rivadavia',104),(1,3,4,'Jachal',105),(1,3,5,'Villa Krause',106),(1,3,6,'Rawson',107),(1,3,7,'Sarmiento',108),(1,3,8,'Santa Lucía',109),(1,3,9,'Pocito',110),(1,3,10,'9 de Julio',111),(1,3,11,'2da. Zona - Capital',112),(1,3,12,'Albardón',113),(1,3,13,'4ta. Zona - Capital',114),(1,3,14,'Capital',115),(1,3,15,'Trinidad',116),(1,3,16,'Valle Fertil',117),(1,3,17,'Calingasta',118),(1,3,18,'San Martin',5881),(1,3,19,'Caucete',5939),(1,4,1,'Capital',119),(1,4,2,'Arauco',120),(1,4,3,'Chilecito',121),(1,4,4,'Gobernador Gordillo',122),(1,4,5,'Chamical',123),(1,4,6,'La Rioja ',5913),(1,5,1,'Capital',124),(1,5,2,'Río Cuarto',125),(1,5,3,'Cordoba',126),(1,5,4,'Villa Dolores',127),(1,5,5,'Unión',128),(1,5,6,'Río Tercero',129),(1,5,7,'Juárez Celman',130),(1,5,8,'San Francisco',131),(1,5,9,'Villa Carlos Paz',132),(1,5,10,'Coronel Moldes',133),(1,6,1,'Capital',134),(1,6,2,'Monteros',135),(1,7,1,'Catriel',136),(1,7,2,'San Carlos de Bariloche',137),(1,7,3,'Avellaneda',138),(1,7,4,'General Conesa',139),(1,7,5,'Manquinchao',140),(1,7,6,'Cipolletti',141),(1,7,7,'General Roca',142),(1,7,8,'Choek Choel',143),(1,7,9,'Pichi Mahuida',144),(1,7,10,'Sierra Grande',145),(1,7,11,'Maquinchao',146),(1,7,12,'San Antonio ',5893),(1,8,1,'Buenos Aires',147),(1,8,2,'Bahía Blanca',148),(1,8,3,'La Plata',149),(1,8,4,'Necochea',150),(1,8,5,'San Isidro',151),(1,8,6,'General  Pueyrredón',152),(1,8,7,'San Fernando',153),(1,8,8,'Gral. San Martín',154),(1,8,9,'Mar del Plata',155),(1,8,10,'Lomas de Zamora',156),(1,8,11,'Olavarría',157),(1,8,12,'Avellaneda',158),(1,8,13,'Merlo',159),(1,8,14,'Vicente Lopez',160),(1,8,15,'Lanús',161),(1,8,16,'Azcuenaga',162),(1,8,17,'Florencio Varela',163),(1,8,18,'Capital Federal',164),(1,8,19,'Junín',165),(1,8,20,'San Nicolás',166),(1,8,21,'Quilmes',167),(1,8,22,'Mercedes',168),(1,8,23,'Darregueira',169),(1,8,24,'Haedo',170),(1,9,1,'Lima',171),(1,9,2,'Perú',172),(1,9,3,'Capital',173),(1,10,1,'Houston',174),(1,10,2,'Brownsville',175),(1,11,1,'Kwangsuk-dong',176),(1,11,5,'Kaohsiung',177),(1,11,6,'San Fernando',178),(1,11,7,'Tel Aviv',179),(1,12,1,'Confluencia',180),(1,12,2,'Ciudad de Neuquén',181),(1,12,3,'Copahue',182),(1,12,4,'Zapala',183),(1,12,5,'Plaza Huincul',184),(1,12,6,'San Carlos de Bariloche',185),(1,12,7,'Rincón de los Sauces',186),(1,12,8,'Lácar',187),(1,12,9,'Loncopué',188),(1,12,10,'Villa \"El Chocón\"',189),(1,12,11,'Catriel',190),(1,12,12,'Cipolletti',191),(1,12,13,'ANDACOLLO',192),(1,12,22,'Los Lagos',6098),(1,13,1,'Santa Fe',193),(1,13,2,'Rosario',194),(1,13,3,'Castellanos',195),(1,13,4,'Venado Tuerto',196),(1,13,5,'Capital',197),(1,13,6,'Reconquista',198),(1,14,1,'Comodoro Rivadavia',199),(1,14,2,'Escalante',200),(1,14,3,'Esquel',201),(1,14,4,'Trelew',202),(1,14,5,'Monte Caseros',203),(1,14,6,'Puerto Madryn',204),(1,15,1,'San Salvador de Jujuy',205),(1,15,2,'El Carmen',206),(1,15,3,'San Pedro',207),(1,16,1,'Río Gallegos',208),(1,16,2,'Río Turbio',209),(1,16,3,'Caleta Olivia',210),(1,16,4,'Puerto Santa Cruz',211),(1,16,5,'Los Antiguos',212),(1,16,6,'Deseado',213),(1,16,7,'Las Heras',214),(1,16,8,'28 de Noviembre',215),(1,18,1,'Sacramento',216),(1,18,2,'California',217),(1,18,3,'Torrance',218),(1,19,1,'Santiago',219),(1,20,1,'Ushuaia',220),(1,20,2,'Rio Grande',221),(1,21,1,'Formosa',222),(1,23,1,'Kaohsiung',223),(1,24,1,'Tartagal',224),(1,24,2,'Salta',225),(1,24,3,'San Ramón de la Nueva Orán',226),(1,24,4,'General Guemes',227),(1,24,5,'San Lorenzo',228),(1,24,6,'San Martín',229),(1,25,1,'Aberdeen',230),(1,26,1,'Gualeguaychú',231),(1,26,2,'Paraná',232),(1,26,3,'Concordia',233),(1,27,1,'Barcelona',234),(1,27,2,'Italia',235),(1,28,1,'Misiones',236),(1,28,2,'El Dorado',237),(1,29,1,'Brooklyn',238),(1,30,1,'Taiwan',239),(1,31,1,'Pesaro',240),(1,32,1,'Corrientes',241),(1,32,2,'Goya',242),(1,32,3,'Ituzaingó',243),(1,33,1,'Resistencia',244),(1,33,2,'Quitilipi',245),(1,34,1,'Antofagasta',246),(1,34,2,'Florencio Varela',247),(1,35,1,'San Pablo',248),(1,36,1,'Manhasset',249),(1,37,1,'Manhasset',250),(1,37,2,'New York',251),(1,38,1,'Hameln',252),(1,39,1,'Tel Aviv',253),(1,40,1,'Tel Aviv',254),(1,41,1,'Pueblo Nuevo',255),(1,42,1,'Santa Rosa',256),(1,42,2,'General Pico',257),(1,42,3,'Victorica',258),(1,42,4,'25 de Mayo',2310),(1,42,5,'Intendente Alvear',260),(1,42,22,'Capital',6089),(1,43,1,'Moscú',261),(1,44,1,'Cuzco',262),(1,45,1,'Nowshahr',263),(1,46,1,'Santa Cruz',264),(1,46,2,'Caleta Oliva',265),(1,46,3,'Río Gallegos',266),(1,46,4,'Las Heras',267),(1,47,1,'Arlington',268),(1,48,1,'Amberes',269),(1,48,2,'Cördoba',270),(1,48,3,'Capital',271),(1,48,4,'San Bernardo',272),(1,48,5,'concepción',273),(1,48,6,'Managua',274),(1,48,7,'Villa Carlos Paz',275),(1,49,1,'Maracaibo',276),(1,49,23,'IZTACALCO',6119),(1,50,1,'Cochabamba',277),(1,51,1,'Posadas',278),(1,53,1,'Montreal',279),(1,54,1,'RIO DE JANEIRO',280),(1,55,1,'Capital',281),(1,55,2,'Chile',282),(1,55,3,'San Bernardo',283),(1,56,1,'San Bernardo',284),(1,57,1,'Oyerten',285),(1,59,1,'Trujillo',286),(1,59,2,'Tacna',287),(1,60,1,'Potosi',288),(1,60,2,'Potosi',289),(1,61,1,'tarija',290),(1,62,1,'Belluno',291),(1,63,1,'Perpignan',292),(1,64,1,'Paris',293),(1,65,1,'Toulouse',294),(1,66,1,'New Jersey',295),(1,67,1,'Cundinamarca',296),(1,68,1,'Zhejiang',297),(1,69,1,'Bioko Norte',298),(1,71,1,'Santiago',299),(1,72,1,'Orense',300),(1,73,1,'Santa Cruz',301),(1,74,1,'Cividale del Friuli',302),(1,75,1,'Santiago de Compostela',303),(1,77,1,'Region Decima',304),(1,78,1,'Rancagua',305),(1,79,1,'Goettingen',306),(1,81,1,'MAINE',307),(1,82,1,'Tegucigalpa',308),(1,83,1,'Quito',309),(1,84,1,'Managua',310),(1,85,1,'Riobamba',311),(1,85,2,'Riobamba',312),(1,86,1,'Las Condes',313),(1,87,1,'Tacna',314),(1,88,1,'Haedo',315),(1,88,2,'Capital',316),(1,88,3,'Tigre',317),(1,88,4,'Avellaneda',318),(1,88,5,'Florencio Varela',319),(1,88,6,'Bahía Blanca',320),(1,88,7,'La Matanza',321),(1,88,8,'Ituizango \"Partido de Moron\"',322),(1,88,9,'Mar del Plata',323),(1,88,10,'Azul',324),(1,88,11,'Morón',325),(1,88,12,'Gral. San Martín',326),(1,88,13,'El Talar',327),(1,88,14,'Av. Pueyrredon',328),(1,88,15,'San Fernando',329),(1,88,16,'La Plata',330),(1,88,17,'Capital Federal',331),(1,88,18,'Vicente López',332),(1,88,19,'Bolivar',333),(1,88,20,'Quilmes',334),(1,88,21,'Gral.Pueyrred.- Mar del Plata',335),(1,88,22,'Coronel Rosales',336),(1,88,23,'Ciudad de Buenos Aires',5885),(1,89,1,'Presidente Aguirre Cerdá',337),(1,90,1,'Tbilisi',338),(1,91,1,'España',339),(1,91,2,'Almeria',340),(1,91,3,'San Fernando',341),(1,91,4,'Valencia',342),(1,92,1,'Porto Alegre',343),(1,94,1,'Riobamba',344),(1,95,1,'Sao Paulo',345),(1,96,1,'Nowshahr',346),(1,97,1,'Makati',347),(1,98,1,'Lambayaque',348),(1,99,1,'Ancash',349),(1,100,1,'Haute- Normandie',350),(1,101,1,'Temuco',351),(1,103,1,'VILLAHERMOSA',5930),(1,105,1,'Valencia',352),(1,107,1,'Uccle',353),(1,109,1,'Chile',354),(1,109,2,'San Bernardo',355),(1,110,1,'Toronto',356),(1,111,1,'Lima',357),(1,113,1,'Capital Federal',358),(1,115,1,'San Bernardo',359),(1,115,2,'Italia',360),(1,115,3,'SAN RAFAEL',2326),(1,115,4,'NEUQUEN',5916),(1,115,5,'CAPITAL',5942),(1,115,6,'GODOY CRUZ',6084),(1,115,7,'GUAYMALLEN',6140),(1,115,8,'LUJAN DE CUYO',6209),(1,117,1,'Riobamba',361),(1,118,1,'Tinogasta',362),(1,119,1,'San Fernando del valle de Cata',363),(1,121,1,'Valparaiso',364),(1,122,1,'California',365),(1,125,1,'Italia',366),(1,126,1,'Socha',367),(1,127,1,'Fusagasugá',368),(1,128,1,'Escadon',369),(1,129,1,'Boston',5904),(1,130,21,'SAN JUAN DEL RIO',5967),(1,131,21,'Asunción',6018),(1,132,3,'Iztalco',6120),(1,132,23,'Mexico DF',6118),(1,133,3,'Ñahuimpuquio',6135),(1,134,3,'Curicó',6141),(1,135,3,'Curicó',6142),(2,1,1,'Capital',370),(2,1,2,'Guaymallén',371),(2,1,3,'Godoy Cruz',372),(2,1,4,'Las Heras',373),(2,1,5,'San Martín',374),(2,1,6,'Rivadavia',375),(2,1,7,'San Rafael',376),(2,1,8,'Luján de Cuyo',377),(2,1,9,'Maipú',378),(2,1,10,'Junín',379),(2,1,11,'Lavalle',380),(2,1,12,'Sacramento',381),(2,1,13,'Tupungato',382),(2,1,14,'Tunuyán',383),(2,1,15,'General Alvear',384),(2,1,16,'Malargüe',385),(2,1,17,'Santa Rosa',386),(2,1,18,'La Paz',387),(2,1,19,'San Carlos',388),(2,1,20,'San José',389),(2,1,21,'Ugarteche',390),(2,1,22,'Villa Atuel',391),(2,1,23,'Durham',392),(2,1,24,'Durham',393),(2,1,25,'Calingasta',394),(2,2,1,'Capital',395),(2,2,2,'San Luis',396),(2,2,3,'Villa Mercedes',397),(2,2,4,'Justo Daract',398),(2,2,5,'Chacabuco',399),(2,2,6,'Tilisarao',400),(2,2,7,'Quines',401),(2,2,8,'Ayacucho',402),(2,2,9,'Ciudad',403),(2,2,10,'Trapiche',404),(2,2,11,'Merlo',5849),(2,2,12,'Juana Koslay',5898),(2,2,13,'Dupuy',5903),(2,2,14,'Naschel',6159),(2,3,1,'1ra. Zona -Capital',405),(2,3,2,'Chimbas',406),(2,3,3,'Rivadavia',407),(2,3,4,'Jachal',408),(2,3,5,'Sarmiento',409),(2,3,6,'Media Agua',410),(2,3,7,'Pocito',411),(2,3,8,'Chimbas',412),(2,3,9,'2da. Zona - Capital',413),(2,3,10,'Capital',414),(2,3,11,'Rawson',415),(2,3,12,'Albardón',2645),(2,3,13,'4ta. Zona - Capital',2642),(2,3,14,'Capital',2674),(2,3,15,'Trinidad',2908),(2,3,16,'Valle Fertil',2917),(2,3,17,'Calingasta',2671),(2,3,25,'Santa Lucia',6033),(2,4,1,'Capital',416),(2,4,2,'Chilecito',417),(2,4,3,'Olta',5870),(2,4,4,'Gobernador Gordillo',419),(2,4,5,'Chamical',2689),(2,4,25,'Chamical',6097),(2,5,1,'Capital',420),(2,5,2,'Río Cuarto',421),(2,5,3,'Cordoba',422),(2,5,4,'Villa Dolores',423),(2,5,5,'Unión',424),(2,5,6,'General. Roca',425),(2,5,7,'Marcos Juarez',426),(2,5,8,'San Javier',427),(2,5,9,'Juarez Celman',428),(2,5,10,'San Justo',429),(2,5,11,'Laboulaye',430),(2,5,12,'Villa Carlos Paz',431),(2,5,13,'Las Varillas - San Justo',432),(2,5,14,'Canals',433),(2,5,15,'Villa María',434),(2,5,16,'Sampacho',435),(2,5,17,'MONTERÍA',436),(2,5,18,'La Carlota - Juarez Celman',437),(2,5,19,'SANTA ROSA DE CALAMUCHITA',438),(2,5,20,'Alcira Gigena',5844),(2,5,21,'San Basilio',5845),(2,5,22,'Huanchilla',5846),(2,5,23,'Calamuchita',5847),(2,5,24,'Adelia María',5850),(2,5,25,'Berrotarán',5852),(2,5,26,'Ordoñez',5853),(2,5,27,'Isla Verde',5854),(2,5,28,'Olaeta',5855),(2,5,29,'Chaján',5856),(2,5,30,'Jovita',5857),(2,5,31,'Coronel Moldes',5858),(2,5,32,'Alejandro Roca',5859),(2,5,33,'Holmberg',5860),(2,5,34,'Vicuña Mackenna',5861),(2,5,35,'Huinca Renancó',5862),(2,5,36,'Suco',5863),(2,5,37,'General Deheza',5865),(2,5,38,'Charras',5866),(2,5,39,'Guatimozín',5867),(2,5,40,'Alejo Ledesma',5868),(2,5,41,'Las Vertientes',5869),(2,5,42,'Coronel Baigorria',5873),(2,5,43,'Gral San Martín',5874),(2,5,44,'Unión',5890),(2,5,45,'Tercero Arriba',5897),(2,5,46,'Pte. Roque Saénz Peña',5901),(2,5,47,'Colón',5905),(2,5,48,'Las Higueras',5912),(2,5,49,'Corral de Bustos',6043),(2,5,50,'Reducción',6047),(2,5,51,'Alpa Corral',6048),(2,5,52,'Las Perdices',6160),(2,5,53,'General Levalle',6161),(2,5,54,'Serrano',6162),(2,5,55,'General Cabrera',6163),(2,5,56,'Hernando',6164),(2,5,57,'Ucacha',6165),(2,5,58,'Los Cisnes',6166),(2,5,59,'Buchardo',6168),(2,5,60,'Isla Verde',6170),(2,5,61,'Las Acequias',6173),(2,5,62,'Bengolea',6176),(2,5,63,'Mattaldi',6182),(2,6,1,'Capital',439),(2,6,2,'Monteros',440),(2,6,25,'San Miguel de Tucumán',6012),(2,7,1,'Catriel',441),(2,7,2,'San Carlos de Bariloche',442),(2,7,3,'La Plata',443),(2,7,4,'General Conesa',444),(2,7,5,'Manquinchao',445),(2,7,6,'Cipolletti',446),(2,7,7,'Sierra Grande',447),(2,7,8,'San Antonio',448),(2,7,9,'Cipolletti',449),(2,7,10,'Choele Choele',450),(2,7,11,'El Bolsón',5843),(2,8,1,'Buenos Aires',452),(2,8,2,'Bahía Blanca',453),(2,8,3,'La Plata',454),(2,8,4,'Necochea',455),(2,8,5,'San Isidro',456),(2,8,6,'General  Pueyrredón',457),(2,8,7,'San Fernando',458),(2,8,8,'Gral. San Martín',459),(2,8,9,'Mar del Plata',460),(2,8,10,'Lomas de Zamora',461),(2,8,11,'Olavarría',462),(2,8,12,'Avellaneda',463),(2,8,13,'Merlo',464),(2,8,14,'Vicente Lopez',465),(2,8,15,'Lanús',466),(2,8,16,'Azcuenaga',467),(2,8,17,'Florencio Varela',468),(2,8,18,'Capital Federal',469),(2,8,19,'Junín',470),(2,8,20,'Belén de Escobar',471),(2,8,21,'Capital Federal',472),(2,8,22,'Carlos Tejedor',473),(2,8,23,'Olivos',474),(2,8,24,'Capital',475),(2,8,25,'Haedo',476),(2,8,26,'Pilar',477),(2,8,27,'Lanus',478),(2,8,28,'San Nicolás',479),(2,8,29,'Remedios de Escalada',480),(2,8,30,'Almirante Brown',481),(2,8,31,'Lomas de Zamora',482),(2,8,32,'Coronel Suarez',483),(2,8,33,'Mercedes',484),(2,8,34,'Ayacucho',485),(2,8,35,'Las Flores',486),(2,8,36,'Junín',487),(2,8,37,'La Matanza',488),(2,8,38,'Bella Vista',489),(2,8,39,'Temperley',490),(2,8,40,'Florida',2345),(2,8,41,'Ramos Mejia',2346),(2,8,42,'José C. Paz',5848),(2,8,43,'Tandil',5892),(2,8,44,'SAN NICOLAS',5894),(2,8,45,'Pigüe',5895),(2,8,46,'Tigre',5899),(2,8,47,'Gral. Villegas',5902),(2,8,48,'Azul',5932),(2,8,49,'Florencio Varela',5935),(2,8,50,'Pergamino',5944),(2,8,51,'Merlo',6169),(2,8,52,'San Antonio de Padua',6171),(2,9,1,'Lima',491),(2,9,2,'Jesus Maria',492),(2,9,3,'Lima',493),(2,9,25,'.',6062),(2,10,1,'Houston',494),(2,10,2,'Brownsville',495),(2,10,3,'FT WORTH',5886),(2,11,1,'Kwangsuk-dong',496),(2,11,5,'Kaohsiung',497),(2,11,6,'San Fernando',498),(2,11,7,'Tel Aviv',499),(2,11,8,'Santo Domingo',500),(2,11,9,'Capital Federal',501),(2,12,1,'Confluencia',502),(2,12,2,'Ciudad de Neuquén',503),(2,12,3,'Cutral-Có',504),(2,12,4,'Plottier',505),(2,12,5,'Minas',506),(2,12,6,'San Martín de Los Andes',507),(2,12,7,'Loncopué',508),(2,12,8,'Capital',509),(2,12,9,'Junín de los Andes',510),(2,12,10,'Zapala',511),(2,12,11,'Chos Malal',512),(2,12,12,'Rincon de los Sauces',5896),(2,12,13,'Lacar',5919),(2,12,25,'Ciudad',6049),(2,12,26,'Senillosa',6180),(2,13,1,'Santa Fe',513),(2,13,2,'Rosario',514),(2,13,3,'General López',2311),(2,13,4,'Capital',516),(2,13,5,'VILLA CONSTITUCION',517),(2,13,6,'San Martín',518),(2,13,7,'Rufino',519),(2,13,8,'Rafaela',520),(2,13,9,'Venado Tuerto - General López',521),(2,13,10,'Caseros',5907),(2,13,23,'San Justo',5958),(2,13,24,'Reconquista',6167),(2,14,1,'Comodoro Rivadavia',522),(2,14,2,'Escalante',523),(2,14,3,'Esquel',524),(2,14,4,'Trelew',525),(2,14,5,'Monte Caseros',526),(2,14,6,'Alto Río Senguer',527),(2,15,1,'San Salvador de Jujuy',528),(2,15,2,'Ledesma',529),(2,15,3,'HUMAHUACA',530),(2,15,4,'Perico',5917),(2,15,5,'Libertador General San Martín',6172),(2,16,1,'Río Gallegos',531),(2,16,2,'Caleta Olivia',532),(2,16,3,'Caleta Olivia',533),(2,16,4,'Pico Truncado',534),(2,16,5,'Río Turbio',535),(2,16,6,'El Calafate',536),(2,16,7,'Las Heras',537),(2,16,8,'28 de Noviembre',2640),(2,18,1,'Sacramento',538),(2,18,2,'Los Angeles',539),(2,18,3,'Torrance',2905),(2,19,1,'Santiago',540),(2,19,2,'Portales',541),(2,19,3,'Providencia',542),(2,19,4,'San Miguel',543),(2,19,5,'Las Condes',544),(2,19,23,'.',5962),(2,19,25,'Concepción',6060),(2,20,1,'Ushuaia',545),(2,20,2,'Río Grande',546),(2,21,1,'Formosa',547),(2,23,1,'Kaohsiung',2757),(2,24,1,'Tartagal',548),(2,24,2,'Salta',549),(2,24,3,'Capital',550),(2,24,4,'General Guemes',2729),(2,24,5,'San Lorenzo',2868),(2,24,6,'San Martín',2871),(2,25,1,'Aberdeen',551),(2,26,1,'Gualeguaychú',552),(2,26,2,'Paraná',553),(2,26,3,'Concordia',554),(2,26,4,'Victoria',555),(2,26,5,'Nogoyá',556),(2,26,6,'La Paz',557),(2,26,26,'Chajarí',6129),(2,27,1,'Barcelona',558),(2,27,2,'Italia',2747),(2,28,1,'Misiones',559),(2,28,2,'El Dorado',560),(2,29,1,'Brooklyn',561),(2,29,2,'Queens',562),(2,30,1,'Taiwan',563),(2,31,1,'Pesaro',564),(2,32,1,'Corrientes',565),(2,32,2,'Goya',566),(2,32,3,'Ituzaingó',567),(2,33,1,'Resistencia',568),(2,33,2,'Comandante Fernández',5891),(2,33,3,'Pampa del Indio',5936),(2,34,1,'Antofagasta',570),(2,34,2,'Florencio Varela',571),(2,35,1,'San Pablo',572),(2,36,1,'Manhasset',573),(2,37,1,'Manhasset',574),(2,37,2,'New York',575),(2,38,1,'Hamelin',576),(2,39,1,'Tel Aviv',577),(2,40,1,'Tel Aviv',578),(2,40,2,'Capital',579),(2,40,3,'Rio Hondo',580),(2,41,1,'Pueblo Nuevo',581),(2,42,1,'Santa Rosa',582),(2,42,2,'General Pico',583),(2,42,3,'Realicó',584),(2,42,4,'Vienticinco de Mayo',585),(2,42,5,'Intendente Alvear',586),(2,43,1,'Moscú',587),(2,43,2,'Puerto Rico',588),(2,43,3,'Puerto Iguazú',5871),(2,43,23,'Oberá',5956),(2,44,1,'Cuzco',589),(2,45,1,'Nowshahr',590),(2,46,1,'Santa Cruz',591),(2,46,2,'Virú',592),(2,46,3,'Río Gallegos',2839),(2,46,4,'Las Heras',2770),(2,46,25,'VICTOR LARCO HERRERA',6096),(2,46,26,'La Esperanza',6115),(2,47,1,'Arlington',593),(2,48,1,'Amberes',594),(2,48,2,'Cördoba',595),(2,48,3,'Capital',596),(2,48,4,'San Bernardo',597),(2,48,5,'concepción',2701),(2,48,6,'Managua',2782),(2,49,1,'Maracaibo',598),(2,49,2,'General Pico',599),(2,49,3,'Santa Rosa',600),(2,49,4,'25 DE MAYO',601),(2,49,5,'Capital',602),(2,49,6,'Maraco',603),(2,49,7,'Maraco - General Pico',604),(2,49,8,'Conhello',5906),(2,49,25,'Toay',6039),(2,49,26,'Realicó',6040),(2,49,27,'Realicó',6041),(2,49,28,'Chaján',6042),(2,50,1,'Cochabamba',605),(2,50,2,'Cartagena',606),(2,50,3,'Lima',607),(2,50,4,'Riobamba',608),(2,50,5,'Santa Lucía',609),(2,50,6,'Chillán',610),(2,50,7,'Valencia',611),(2,50,8,'Erice',612),(2,51,1,'Concepción',613),(2,52,1,'Rancagua',614),(2,53,1,'Montreal',615),(2,54,1,'RIO DE JANEIRO',616),(2,55,1,'St. Louis',617),(2,55,2,'Chile',2690),(2,55,3,'San Bernardo',2853),(2,56,1,'San Bernardo',618),(2,57,1,'Oyerten',619),(2,58,1,'Bogotá',620),(2,58,2,'Cundinamarca',621),(2,59,1,'Ciudad',622),(2,59,2,'-',623),(2,60,1,'Sao Bernardodo Campo',624),(2,60,2,'Potosi',625),(2,61,1,'tarija',626),(2,62,1,'Ciudad',627),(2,63,1,'Sala Baganza',628),(2,64,1,'La Paz',629),(2,64,2,'Lacar',5918),(2,65,1,'California',630),(2,66,1,'Comuna de Caronno Varesino',631),(2,67,1,'Ciudad',632),(2,68,1,'Valparaiso',633),(2,69,1,'Cortés',634),(2,70,1,'Miguel Hidalgo',635),(2,70,2,'Distrito Federal',5875),(2,71,1,'Capital',636),(2,72,1,'Eimbuttel',637),(2,73,1,'Recife',638),(2,74,1,'Cividale del Friuli',2698),(2,75,1,'Australia',639),(2,76,1,'Australia',640),(2,77,1,'Pojuca',641),(2,78,1,'Pereira',642),(2,79,1,'Sogamoso',643),(2,81,1,'Venezuela',644),(2,81,2,'Coquivacoa',645),(2,82,1,'Capital',646),(2,82,2,'Kingston Upon',647),(2,83,1,'.',648),(2,84,1,'Chayanta',649),(2,85,1,'St. Johannes',650),(2,85,2,'Riobamba',2843),(2,86,1,'Palm Beach',651),(2,86,2,'Miami',652),(2,87,1,'Latina',653),(2,88,1,'Haedo',2742),(2,88,2,'Capital',2682),(2,88,3,'Tigre',2902),(2,88,4,'Avellaneda',2655),(2,88,5,'Florencio Varela',2723),(2,88,6,'Bahía Blanca',2659),(2,88,7,'La Matanza',2759),(2,88,8,'Ituizango \"Partido de Moron\"',2750),(2,88,9,'Mar del Plata',2789),(2,88,10,'Azul',2657),(2,88,11,'Morón',2798),(2,88,12,'Gral. San Martín',2737),(2,88,13,'El Talar',2716),(2,88,14,'Av. Pueyrredon',2653),(2,88,15,'San Fernando',2862),(2,88,16,'La Plata',2763),(2,88,17,'Capital Federal',2684),(2,88,18,'Vicente López',2921),(2,88,19,'Bolivar',2663),(2,88,20,'Quilmes',2826),(2,88,21,'Gral.Pueyrred.- Mar del Plata',2738),(2,88,22,'Coronel Rosales',2706),(2,89,1,'Presidente Aguirre Cerdá',2821),(2,90,1,'Tbilisi',2896),(2,91,1,'España',2719),(2,91,2,'Almeria',2646),(2,91,3,'San Fernando',2863),(2,91,4,'Valencia',2915),(2,92,1,'Porto Alegre',2817),(2,94,1,'Riobamba',2844),(2,95,1,'Sao Paulo',2887),(2,96,1,'Nowshahr',2804),(2,96,25,'Valencia',6085),(2,97,1,'Belleville',654),(2,98,1,'Lovaina',655),(2,99,1,'Erice',656),(2,99,2,'-',657),(2,100,1,'Haute- Normandie',2744),(2,101,1,'Las Condes',658),(2,101,2,'Chimbote',5934),(2,102,1,'Roma',659),(2,103,1,'Pacasmayo',660),(2,104,1,'La Libertad',661),(2,105,1,'CIUDAD',662),(2,106,1,'Ames',663),(2,107,1,'Tingomaria',664),(2,108,1,'Fusagasuga',665),(2,109,1,'Minga Guazú',666),(2,109,2,'San Bernardo',2855),(2,110,1,'Maturín',667),(2,111,1,'San Martin de Porres',668),(2,112,1,'Huichapan',669),(2,112,2,'Tula de Allende',670),(2,113,1,'Ciudad de México',671),(2,113,2,'Tlalnepantla',672),(2,114,1,'tampico',673),(2,115,1,'Acapulco',674),(2,115,2,'Italia',2748),(2,116,1,'Arrecife',675),(2,116,2,'Las Palmas de Gran Canaria',676),(2,116,3,'Santa Cruz de Tenerife',677),(2,117,1,'Santa Cruz de Tenerife',678),(2,118,1,'Ourense',679),(2,119,1,'Santander',680),(2,120,1,'Taroudant',681),(2,121,1,'Valparaiso',2918),(2,122,1,'Arrecife',682),(2,123,1,'Huamantla',683),(2,124,1,'Edmonton',684),(2,124,2,'CAPITAL',5941),(2,125,1,'Coban',685),(2,126,1,'Trujillo',686),(2,127,1,'Melzo',687),(2,128,1,'Ciudad',2312),(2,129,1,'Puerto del Rosario',2313),(2,130,1,'Distrito Federal',2314),(2,131,1,'Bari',5851),(2,132,1,'Durango',5864),(2,133,1,'Sant Boi de Llobregat',5888),(2,133,2,'Girona',5889),(2,134,1,'Cascavel',5900),(2,135,1,'Rio Grande do Sul',5911),(2,136,1,'Cochabamba',5933),(2,137,23,'Brignoles',5953),(2,138,23,'Francisco Morazan',5963),(2,140,25,'durham',5996),(2,141,25,'Calama',6017),(2,142,25,'Olbia',6044),(2,143,25,'Lima',6063),(2,143,26,'LAS HERAS',6069),(2,143,27,'GUAYMALLEN',6070),(2,143,28,'CAPITAL',6077),(2,143,29,'LUJAN DE CUYO',6083),(2,143,30,'GODOY CRUZ',6205),(2,143,31,'SAN RAFAEL',6206),(2,144,25,'Chuquisaca',6092),(2,146,25,'GWYNEDD',6099),(2,147,26,'El Tambo',6124),(2,148,26,'Alencon',6125),(2,149,26,'Rennes',6126),(2,150,26,'San José',6130),(2,151,1,'Culiacan',6202),(3,1,1,'Capital',688),(3,1,2,'Guaymallén',689),(3,1,3,'Godoy Cruz',690),(3,1,4,'Las Heras',691),(3,1,5,'San Martín',692),(3,1,6,'Rivadavia',693),(3,1,7,'San Rafael',694),(3,1,8,'Luján de Cuyo',695),(3,1,9,'Maipú',696),(3,1,10,'Junín',697),(3,1,11,'Lavalle',698),(3,1,12,'Sacramento',699),(3,1,13,'Tupungato',700),(3,1,14,'Tunuyán',701),(3,1,15,'General Alvear',702),(3,1,16,'Malargüe',703),(3,1,17,'Santa Rosa',704),(3,1,18,'La Paz',705),(3,1,19,'San Carlos',706),(3,1,20,'San José',707),(3,1,21,'Monte  Comán',708),(3,1,22,'Cuadro Nacional',709),(3,1,23,'MALARGUE',710),(3,1,24,'GUAYMALLEN - LAVALLE',711),(3,1,25,'PALMIRA',712),(3,1,73,'Rio Negro',713),(3,1,74,'Ciudad',5951),(3,1,75,'Salamanca',6022),(3,1,76,'Salamanca',6023),(3,1,77,'Los Antiguos',6024),(3,1,78,'Río Colorado',6064),(3,1,79,'Cipolletti',6117),(3,1,80,'Caleta Olivia',6121),(3,2,1,'Capital',714),(3,2,2,'San Luis',715),(3,2,3,'Gral. Pedernera',716),(3,2,4,'Mercedes',717),(3,2,5,'Ayacucho',718),(3,2,6,'Tilisarao',719),(3,2,7,'Villa Mercedes',720),(3,2,8,'Juan Kolsay',721),(3,2,9,'JUSTO DARACT',722),(3,2,79,'Unión',6068),(3,3,1,'Capital',723),(3,3,2,'Chimbas',724),(3,3,3,'Rivadavia',725),(3,3,4,'Jachal',726),(3,3,5,'Villa Krause',727),(3,3,6,'4ta. Zona -Capital',728),(3,3,7,'2da. Zona- Capital',729),(3,3,8,'Caucete',730),(3,3,9,'1ra. Zona Capital',731),(3,3,10,'Villa Krause',732),(3,3,11,'Pocito',733),(3,3,12,'rawson',734),(3,3,13,'4ta. Zona - Capital',2933),(3,3,14,'Capital',2965),(3,3,15,'Trinidad',3199),(3,3,16,'Valle Fertil',3208),(3,3,17,'Calingasta',2962),(3,4,1,'Capital',735),(3,4,2,'Arauco',736),(3,4,3,'Chilecito',737),(3,4,4,'Gobernador Gordillo',738),(3,4,5,'Chamical',2980),(3,5,1,'Capital',739),(3,5,2,'Río Cuarto',740),(3,5,3,'Cordoba',741),(3,5,4,'Villa Dolores',742),(3,5,5,'Unión',743),(3,5,6,'Río Tercero',744),(3,5,7,'Juárez Celman',745),(3,5,8,'Marcos Juarez',746),(3,5,9,'Laboulaye',747),(3,5,10,'San Javier',748),(3,5,11,'Colón',749),(3,5,12,'San Justo',750);
/*!40000 ALTER TABLE `localidad` ENABLE KEYS */;
UNLOCK TABLES;

--
-- Table structure for table `persona`
--

DROP TABLE IF EXISTS `persona`;
/*!40101 SET @saved_cs_client     = @@character_set_client */;
/*!40101 SET character_set_client = utf8 */;
CREATE TABLE `persona` (
  `Per_ID` decimal(11,0) NOT NULL DEFAULT '0',
  `Per_Doc_ID` smallint(2) NOT NULL DEFAULT '0',
  `Per_Apellido` varchar(30) NOT NULL DEFAULT '',
  `Per_Nombre` varchar(30) NOT NULL,
  `Per_Sexo` char(1) NOT NULL,
  `clave` int(4) NOT NULL AUTO_INCREMENT,
  PRIMARY KEY (`Per_ID`,`Per_Doc_ID`),
  KEY `Apellido` (`Per_Apellido`),
  KEY `IDDocumento` (`Per_ID`),
  KEY `IDTipoDoc` (`Per_Doc_ID`),
  KEY `clave` (`clave`)
) ENGINE=InnoDB AUTO_INCREMENT=43246 DEFAULT CHARSET=latin1;
/*!40101 SET character_set_client = @saved_cs_client */;

--
-- Dumping data for table `persona`
--

LOCK TABLES `persona` WRITE;
/*!40000 ALTER TABLE `persona` DISABLE KEYS */;
INSERT INTO `persona` VALUES (0,1,'GHAZOUL','Mariam','F',43245),(0,4,'PRUEBA','Prueba','F',36424),(1,1,'SARMIENTO GARCIA','Luis','M',1),(2,1,'TORRES DI VANNI','Osvaldo','M',2),(3,1,'SEGURA','Alfredo Vicente','F',3),(4,1,'FACCAS','Jorge','M',4),(5,1,'KEMELMAJER','Aida','F',5),(6,1,'MAZIOTTI','Aquiles','M',6),(7,1,'PONS','Alejandro','M',7),(8,1,'VILLALBA','Marisa','M',8),(9,1,'RAMIREZ','Daniel Oscar','M',9),(10,1,'ROBLES','Maria Cristina','F',38377),(11,1,'OTAÑO','Carlos Hugo Axel','M',10),(12,1,'BEKERMAN','Ricardo','M',11),(13,1,'ELIZALDE','Juan Manuel','M',12),(14,1,'GORRA','Maria Patricia','F',13),(15,1,'SILVA','Gabriela Edith','F',14),(16,1,'BUJALDON','Daniel Nestor','M',15),(17,1,'ROMEO','Raúl Ignacio Antonio','M',16),(19,1,'CREMASCHI','Fabian','M',17),(20,1,'SCARAMELLA','Marcela Alejandra','F',18),(23,1,'DAPAS','Antonio','M',20),(24,1,'BLANQUER','Natalia','M',21),(25,1,'SAAVEDRA','Antonio Enrique','M',22),(26,1,'ALVO','Carlos Horacio','M',23),(27,1,'LAFIT JURY','Santiago','M',24),(30,1,'PATIÑO RAMOS','Irma','M',27),(31,1,'AVALOS AMBROGIO','Ana Sofia','F',28),(33,1,'MARÓN','Sonia','M',29),(34,1,'LLABRÉS','Patricia','M',30);
/*!40000 ALTER TABLE `persona` ENABLE KEYS */;
UNLOCK TABLES;

--
-- Table structure for table `plan`
--

DROP TABLE IF EXISTS `plan`;
/*!40101 SET @saved_cs_client     = @@character_set_client */;
/*!40101 SET character_set_client = utf8 */;
CREATE TABLE `plan` (
  `Pla_Fac_ID` smallint(2) NOT NULL DEFAULT '0',
  `Pla_ID` smallint(2) NOT NULL DEFAULT '0',
  `Pla_Nombre` varchar(30) NOT NULL DEFAULT '',
  `Pla_Fecha` date NOT NULL,
  `Pla_Publicar` smallint(2) NOT NULL DEFAULT '0',
  `clave` int(4) NOT NULL AUTO_INCREMENT,
  PRIMARY KEY (`Pla_Fac_ID`,`Pla_ID`),
  KEY `IDFacultad` (`Pla_Fac_ID`),
  KEY `IDPlan` (`Pla_ID`),
  KEY `clave` (`clave`)
) ENGINE=InnoDB AUTO_INCREMENT=36 DEFAULT CHARSET=latin1;
/*!40101 SET character_set_client = @saved_cs_client */;

--
-- Dumping data for table `plan`
--

LOCK TABLES `plan` WRITE;
/*!40000 ALTER TABLE `plan` DISABLE KEYS */;
INSERT INTO `plan` VALUES (1,0,'Plan 1970','1970-02-01',0,1),(1,1,'Plan 1986','1986-04-01',1,2),(1,2,'Plan 1997','1996-04-01',0,3),(1,3,'Plan 2002','2002-03-01',1,4),(1,4,'Plan 2005','2005-03-01',1,5),(1,5,'Plan 1966','1966-03-01',0,6),(1,6,'Plan 2011','2011-03-01',1,7),(1,7,'Plan 2013','2013-04-01',0,25),(2,1,'Plan ARQ (1995)','1995-01-01',1,24),(2,2,'Plan DIS (95)','1995-01-01',0,9),(2,3,'Plan DIS (02)','2002-01-01',1,10),(2,4,'Plan C.INMOB (12)','2012-01-01',1,11),(2,5,'Plan DIS (2010)','2010-04-07',0,12),(2,7,'Plan EI (2013)','2013-10-02',0,28),(3,1,'Plan 1960','1960-04-01',0,13),(3,2,'Plan 1977','1977-04-01',0,14),(3,3,'Plan 1998','1998-04-01',0,15),(3,4,'Plan 2002','2002-04-01',0,16),(3,5,'Plan 2011','2011-04-01',1,17),(4,1,'Plan 97','1997-04-01',1,31),(4,2,'Plan 2005','2005-04-01',1,19),(4,3,'Plan 2010','2010-04-01',1,20),(4,4,'Plan 2011','2011-03-01',1,30),(4,5,'Plan 2013','2013-04-01',1,29),(4,6,'Plan 1997','1997-04-01',1,34),(4,7,'Plan 2014','2014-06-01',1,35),(5,1,'Plan 99','2001-04-01',1,22),(5,2,'Plan 99/1','2011-03-16',1,23);
/*!40000 ALTER TABLE `plan` ENABLE KEYS */;
UNLOCK TABLES;

--
-- Table structure for table `provincia`
--

DROP TABLE IF EXISTS `provincia`;
/*!40101 SET @saved_cs_client     = @@character_set_client */;
/*!40101 SET character_set_client = utf8 */;
CREATE TABLE `provincia` (
  `Prv_Fac_ID` smallint(2) NOT NULL DEFAULT '0',
  `Prv_ID` smallint(2) NOT NULL DEFAULT '0',
  `Prv_Nombre` varchar(25) NOT NULL DEFAULT '',
  `clave` int(4) NOT NULL AUTO_INCREMENT,
  PRIMARY KEY (`Prv_Fac_ID`,`Prv_ID`),
  KEY `clave` (`clave`)
) ENGINE=InnoDB AUTO_INCREMENT=2 DEFAULT CHARSET=latin1;
/*!40101 SET character_set_client = @saved_cs_client */;

--
-- Dumping data for table `provincia`
--

LOCK TABLES `provincia` WRITE;
/*!40000 ALTER TABLE `provincia` DISABLE KEYS */;
INSERT INTO `provincia` VALUES (1,1,'Mendoza',1);
/*!40000 ALTER TABLE `provincia` ENABLE KEYS */;
UNLOCK TABLES;

--
-- Table structure for table `tracking`
--

DROP TABLE IF EXISTS `tracking`;
/*!40101 SET @saved_cs_client     = @@character_set_client */;
/*!40101 SET character_set_client = utf8 */;
CREATE TABLE `tracking` (
  `tck_tra_id` int(4) NOT NULL,
  `tck_timestamp` timestamp NOT NULL DEFAULT CURRENT_TIMESTAMP ON UPDATE CURRENT_TIMESTAMP,
  `tck_est_id` int(4) NOT NULL DEFAULT '0',
  `tck_usu_id` smallint(2) NOT NULL DEFAULT '0',
  `tck_id` int(4) NOT NULL AUTO_INCREMENT,
  PRIMARY KEY (`tck_tra_id`,`tck_timestamp`),
  KEY `tck_id` (`tck_id`)
) ENGINE=InnoDB AUTO_INCREMENT=2 DEFAULT CHARSET=latin1;
/*!40101 SET character_set_client = @saved_cs_client */;

--
-- Dumping data for table `tracking`
--

LOCK TABLES `tracking` WRITE;
/*!40000 ALTER TABLE `tracking` DISABLE KEYS */;
INSERT INTO `tracking` VALUES (1,'2015-05-05 23:00:00',1,1,1);
/*!40000 ALTER TABLE `tracking` ENABLE KEYS */;
UNLOCK TABLES;

--
-- Table structure for table `tramite`
--

DROP TABLE IF EXISTS `tramite`;
/*!40101 SET @saved_cs_client     = @@character_set_client */;
/*!40101 SET character_set_client = utf8 */;
CREATE TABLE `tramite` (
  `tra_fac_id` smallint(2) NOT NULL DEFAULT '0',
  `tra_per_id` int(4) NOT NULL DEFAULT '0',
  `tra_doc_id` smallint(2) NOT NULL DEFAULT '0',
  `tra_pla_id` smallint(2) NOT NULL DEFAULT '0',
  `tra_car_id` smallint(2) NOT NULL DEFAULT '0',
  `tra_inicio` date NOT NULL,
  `tra_final` date DEFAULT NULL,
  `tra_entregado` tinyint(1) NOT NULL DEFAULT '0',
  `tra_id` int(4) NOT NULL AUTO_INCREMENT,
  PRIMARY KEY (`tra_fac_id`,`tra_per_id`,`tra_doc_id`,`tra_pla_id`,`tra_car_id`),
  KEY `tra_id` (`tra_id`)
) ENGINE=InnoDB AUTO_INCREMENT=2 DEFAULT CHARSET=latin1;
/*!40101 SET character_set_client = @saved_cs_client */;

--
-- Dumping data for table `tramite`
--

LOCK TABLES `tramite` WRITE;
/*!40000 ALTER TABLE `tramite` DISABLE KEYS */;
INSERT INTO `tramite` VALUES (1,6,1,2,5,'2015-05-20','0000-00-00',0,1);
/*!40000 ALTER TABLE `tramite` ENABLE KEYS */;
UNLOCK TABLES;

--
-- Table structure for table `usuario`
--

DROP TABLE IF EXISTS `usuario`;
/*!40101 SET @saved_cs_client     = @@character_set_client */;
/*!40101 SET character_set_client = utf8 */;
CREATE TABLE `usuario` (
  `usu_id` smallint(2) NOT NULL AUTO_INCREMENT,
  `usu_uid` varchar(50) NOT NULL,
  `usu_pwd` varchar(200) NOT NULL,
  PRIMARY KEY (`usu_id`)
) ENGINE=InnoDB AUTO_INCREMENT=2 DEFAULT CHARSET=latin1;
/*!40101 SET character_set_client = @saved_cs_client */;

--
-- Dumping data for table `usuario`
--

LOCK TABLES `usuario` WRITE;
/*!40000 ALTER TABLE `usuario` DISABLE KEYS */;
INSERT INTO `usuario` VALUES (1,'admin','1234');
/*!40000 ALTER TABLE `usuario` ENABLE KEYS */;
UNLOCK TABLES;
/*!40103 SET TIME_ZONE=@OLD_TIME_ZONE */;

/*!40101 SET SQL_MODE=@OLD_SQL_MODE */;
/*!40014 SET FOREIGN_KEY_CHECKS=@OLD_FOREIGN_KEY_CHECKS */;
/*!40014 SET UNIQUE_CHECKS=@OLD_UNIQUE_CHECKS */;
/*!40101 SET CHARACTER_SET_CLIENT=@OLD_CHARACTER_SET_CLIENT */;
/*!40101 SET CHARACTER_SET_RESULTS=@OLD_CHARACTER_SET_RESULTS */;
/*!40101 SET COLLATION_CONNECTION=@OLD_COLLATION_CONNECTION */;
/*!40111 SET SQL_NOTES=@OLD_SQL_NOTES */;

-- Dump completed on 2015-05-21 12:40:53
